氏名,住所,会社名
榊原 奈緒,神奈川県座間市東原3-2-13ロイヤルハイツ213,
野上 大輔,千葉県市原市青葉台2-1-20,
玉城 伸輔,東京都台東区浅草4-2-10,株式会社光洋
宮城 龍,宮城県仙台市宮城野区榴岡1-1-809,合名会社大勢楼
川口 大輔,広島県福山市南手城町1-1-8,
高瀬 康一郎,福岡県大野城市東大利4-3-6,
高橋 達郎,東京都港区三田4-3-9,株式会社アークス
鈴木 剛,栃木県宇都宮市東宿郷2-1-12プライムメイツ807,
茂木 たく,福岡県福岡市西区石丸2-2-22,株式会社ガイア
中川 慎一郎,大阪府大阪市西淀川区姫島2-2-6ディナスティ501,
長山 進一,東京都新宿区四谷3-3-802,有限会社三陽
大屋 洋介,愛知県名古屋市中川区花塚町1-2-18,さくらプラス合同会社
向井 聡明,大阪府箕面市箕面3-2-8,株式会社フジコー
土屋 陽介,愛知県豊橋市西岩田4-1-4,
天羽 光宏,大阪府吹田市山田東2-2-16,
伊藤 裕喜,大阪府高槻市栄町2-2-10,
涌井 亜希子,新潟県新発田市本町3-1-21,合名会社貴舟
手塚 祥子,大阪府吹田市千里山西2-5-21,株式会社TKコーポレーション
小林 里美,東京都港区白金台2-3-18,
吉村 和博,東京都中央区銀座3-5-17,有限会社イシイ
船木 大喜,愛知県名古屋市中区金山2-4-11,
稲垣 尚樹,福岡県福岡市西区小戸1-1-10ユニアルス703,
新美 真衣,北海道北見市高栄西町3-1-7ジョイフル701,合資会社阿久津陶器店
串田 公美,宮城県栗原市築館薬師4-3-7,株式会社ベストワン
小池 麻理子,東京都葛飾区東金町2-4-21,有限会社マスダ
小島 智,大分県大分市都町2-2-3,
巽 三千代,東京都立川市砂川町1-1-8,
野間 亜希子,広島県福山市大門町1-5-9レスタージュ211,
日浦 雄也,福岡県大野城市つつじケ丘3-3-108デュオ306,
山岡 保雄,東京都足立区青井1-3-8,株式会社リアン
森田 正裕,北海道上川郡新得町屈足柏町3-4-9,
野元 絹子,和歌山県和歌山市本町4-2-5,
三浦 亘,福岡県北九州市八幡西区則松3-3-4,
松井 雄介,埼玉県さいたま市岩槻区城南3-5-8,株式会社HIRO
小川 直,大阪府大阪市平野区加美東1-5-1207,
重光 裕一,東京都墨田区本所1-5-7,
岸本 靖,佐賀県佐賀市大財3-2-15,有限会社アネスト
小針 淳也,兵庫県神戸市東灘区御影中町4-2-5,
夏目 淳,宮城県仙台市青葉区栗生1-3-9,
水口 智,神奈川県横浜市港北区下田町2-1-9,
武石 和成,大阪府大阪市港区築港3-4-10,
柿本 久美子,神奈川県横浜市鶴見区駒岡1-3-17,合同会社ＬＩＦＩＸ
平田 智子,東京都中野区東中野3-1-1209,
中村 加代子,北海道北見市北一条西3-2-22,
伊東 良二,東京都大田区大森西3-1-9パークハウス703,有限会社ハートランド
村上 健治,宮城県仙台市泉区将監2-2-406,
飯田 淳,東京都墨田区緑2-1-22,
大川原 陽子,北海道帯広市西七条南3-1-8,
小林 秀彰,熊本県熊本市南区川尻3-2-4,
佐藤 和也,東京都東村山市恩多町2-2-8エムプラザ403,有限会社小川商事
松下 孝文,東京都新宿区百人町3-4-13ロイヤルハイツ215,
細川 康之,東京都板橋区成増1-1-6コボリマンション501,有限会社ウィン
奥田 泰典,東京都足立区古千谷本町4-1-8,積徳陶器有限会社
本堂 由美子,兵庫県神戸市中央区相生町3-3-13,
水村 徹,愛媛県松山市余戸東3-2-21フリックコート205,
早川 壮平,北海道室蘭市八丁平1-2-102,有限会社イノウエ
西條 洋三,東京都世田谷区奥沢3-3-4,
佐藤 哲也,埼玉県川口市並木1-2-1001,株式会社リベルタ
立岩 和也,茨城県守谷市松前台2-2-22,株式会社リブレ
横澤 裕,宮城県仙台市青葉区中央2-2-15ジェイグラン209,
高木 誠,東京都小金井市梶野町1-3-4,ワイズ株式会社
塚崎 貴也,兵庫県神戸市中央区布引町1-2-15,株式会社フューチャー
北岡 翔太,神奈川県横須賀市浦賀2-1-4,
相澤 美紀,北海道札幌市北区北十九条西3-1-18,合資会社バンコー
藤井 直美,岐阜県岐阜市加納水野町1-4-1104,有限会社スズキ
舛田 絵里加,東京都新宿区西新宿3-1-19ゾフィー101,
谷垣 絵美,大阪府大阪市中央区南船場1-4-1107コムーネ402,有限会社長谷川商事
外山 智,東京都港区虎ノ門4-2-3,
吉見 正敬,熊本県熊本市北区弓削2-3-10,
三田 智栄,東京都江戸川区松島2-3-5,合資会社天恩ワールドサポート
佐藤 高史,静岡県沼津市大手町3-5-12プリオーレ210,磯原太陽光発電合同会社
板東 結衣,埼玉県さいたま市浦和区本太2-2-15ヴィラデステ410,株式会社華
犬飼 あすか,大阪府池田市神田1-3-805ジャルダン511,有限会社明和
太田 恵太,大阪府大阪市東淀川区東中島4-2-8,
渡辺 隆洋,埼玉県さいたま市桜区町谷3-5-204,
八尾 啓子,東京都江戸川区上篠崎2-4-9ブラームス414,
徳武 真一郎,愛知県名古屋市中区栄2-4-4ガーデンズ207,
若生 尋子,北海道札幌市中央区大通西3-5-803,
稲留 哲也,愛知県名古屋市中区栄2-5-107,
橋本 圭子,神奈川県横浜市西区みなとみらい2-1-7,ＡＨＭＥＤ
池元 克典,埼玉県新座市栗原4-1-5,株式会社昇栄
野田 晃,埼玉県さいたま市南区文蔵3-2-7,
渡辺 謙一,愛知県日進市竹の山2-2-15,
川田 美奈子,兵庫県神戸市東灘区向洋町中3-2-3,
川口 義明,北海道網走郡美幌町字鳥里1-4-21,
福田 和彦,東京都品川区西大井1-3-7,株式会社タイキ
野瀬 匠,大阪府東大阪市岩田町1-1-101,
酒井 勇介,神奈川県横浜市港南区港南台1-1-12,
加藤 寛子,徳島県徳島市不動東町2-4-7,
長崎 綾子,埼玉県さいたま市岩槻区加倉2-1-303,
西 仁,東京都葛飾区東立石2-5-903,
堀部 貴広,兵庫県神戸市兵庫区新開地2-5-20,
大崎 牧子,大阪府大阪市東住吉区駒川4-2-7,
石井 章二,神奈川県川崎市多摩区長尾3-2-8,
森 碧,東京都新宿区高田馬場3-1-3,
西原 蓉子,東京都西東京市富士町2-2-5,日進印刷合名会社
小澤 隆史,神奈川県横須賀市長坂1-1-9,有限会社小林建設
丸山 昭彦,大阪府大阪市北区西天満1-2-3,
甲斐 真,愛知県名古屋市中区大須2-4-15ザ・ライオンズ405,株式会社ルーチェ
小林 陽香,東京都品川区南大井1-2-6,
天野 直幸,神奈川県川崎市麻生区細山4-1-7ルネグラン613,
中川 あきこ,大阪府大阪市淀川区西中島1-1-3,
佐藤 章裕,北海道小樽市入船3-3-4プロパレス215,合名会社後藤衣料店
渡邉 彩,東京都練馬区田柄3-5-806,
中川 武彦,徳島県徳島市かちどき橋2-1-22,株式会社イマジン
三浦 祐子,東京都渋谷区代々木4-3-7,
橋本 淳,東京都中央区築地2-3-15,
大和田 浩司,兵庫県尼崎市東園田町3-5-7,
阿部 真由,東京都渋谷区神宮前1-1-305,
安田 ヒロ,兵庫県神戸市灘区六甲町3-1-104,
関根 菜奈子,神奈川県厚木市岡田3-2-5,
江藤 美樹,福岡県大野城市牛頸3-2-306,
仲西 ひとみ,東京都八王子市明神町2-5-608,
長島 千恵,東京都品川区中延2-1-7,
福本 麻衣子,東京都渋谷区神宮前2-3-7,リンクス株式会社
大和田 奈美,東京都足立区足立3-3-4,
澤田 義博,東京都墨田区石原4-2-7,株式会社セブンシーズ
鈴木 誠,東京都小平市上水本町2-1-10プラネ506,
金田一 加奈子,埼玉県さいたま市大宮区宮町1-2-6,合名会社野垣兄弟商会
湯浅 祥子,大阪府高石市千代田1-2-4,
倉石 雅裕,福岡県糟屋郡新宮町緑ケ浜1-1-12,有限会社オオタ
堀切 綾,北海道札幌市北区北十八条西3-2-22,
原田 一真,兵庫県神戸市中央区雲井通1-3-9,株式会社葵
三輪 良一,岐阜県岐阜市芥見1-2-4,
若月 智也,東京都渋谷区代々木1-2-8,ケンユウサービス合同会社
鵜沢 裕司,広島県安芸郡府中町瀬戸ハイム2-4-20ネバーランド208,
中村 貴子,東京都多摩市豊ヶ丘3-2-4ガーデンハウス715,株式会社プレジャー
北嶋 愛子,神奈川県横浜市鶴見区下野谷町3-3-401,株式会社あすか
五十嵐 彩子,岩手県盛岡市青山3-3-9,
水野 雄二,東京都文京区白山3-1-8クレヴィア607,株式会社グッドラック
谷澤 卓也,愛媛県松山市南江戸1-2-4,
栗原 琢,広島県広島市西区己斐上2-3-4グランスイート516,有限会社ダイシン
横山 和臣,大阪府大阪市北区西天満3-3-4,株式会社ビリーブ
新井 寛,東京都世田谷区成城1-3-4,
古賀 泰三,東京都中央区八丁堀3-3-7,
加藤 一樹,大阪府大東市北条1-5-10,有限会社光陽
荒井 悟,神奈川県相模原市緑区東橋本1-4-6,
飯島 千尋,埼玉県川口市東領家1-1-603,
眞鍋 修,東京都板橋区小茂根2-3-8,
松浦 宏行,東京都葛飾区四つ木3-1-202ネオダイキョー411,株式会社クロス
佐藤 義貴,東京都中央区築地2-5-9,有限会社鈴木興業
梅田 克文,大阪府大阪市東住吉区駒川1-2-9,
村井 香奈子,新潟県新潟市東区山木戸4-3-10,株式会社エフテック
藤村 友昭,愛知県名古屋市中川区東起町2-3-502,中村プレス有限会社
高桑 裕之,埼玉県戸田市本町2-1-3,
安部 裕子,兵庫県尼崎市昭和通2-3-5,
柚木 英司,東京都中野区沼袋2-5-3,
中村 伸明,福岡県福岡市東区香住ケ丘2-2-3,
鈴木 友理,東京都北区東十条2-1-8,
小島 綾子,広島県廿日市市串戸3-3-11,
山本 里香,北海道札幌市南区南沢四条2-1-10,
山崎 瞬,大阪府大阪市中央区難波1-5-15,合同会社サルラボラトリーズ
加藤 和代,福岡県福岡市博多区吉塚2-3-17,株式会社ネスト
橋本 敦子,福井県福井市御幸2-4-21,
飯田 貴子,大阪府大阪市中央区上本町西4-3-3,有限会社イイダ
小浜 幸人,大阪府高槻市前島2-1-22,
早坂 真奈美,愛知県名古屋市天白区原1-5-209ハーモニーコート207,
中山 正和,東京都江東区南砂2-1-4,昌榮合資会社
土井 良之,東京都足立区古千谷本町1-1-10,有限会社サカエ
栗田 恵美,東京都港区新橋1-5-13,
鈴木 朋和,石川県能美市松が岡2-2-3,
多田 夏彦,兵庫県神戸市中央区加納町3-3-19,
森田 和美,茨城県稲敷郡阿見町中央2-4-8,
坂井 和義,北海道札幌市中央区南九条西2-5-17,株式会社鈴木建設
加藤 泰彦,大阪府大阪市鶴見区横堤1-4-11,
江見 由香里,千葉県千葉市若葉区西都賀3-3-10,
木下 朋子,東京都豊島区南長崎3-3-4,
橋本 恭平,東京都台東区蔵前3-1-6,合同会社ｍｏｎ－ｌｏｕ－ｌｏｕ
新田 満,東京都渋谷区神宮前1-5-12シェトア109,
大重 彰範,東京都墨田区立花3-3-18,東洋産業株式会社
堤 潤一,大阪府東大阪市吉田1-3-1004,
猪狩 晶子,大阪府茨木市上穂積3-3-8,
中林 正輝,千葉県市原市ちはら台東3-4-205,合名会社精和技研
城野 正彦,大阪府吹田市千里山西3-1-8,
近藤 翠,北海道旭川市錦町2-2-405,
三浦 弘隆,大阪府八尾市高安町北3-1-6,
市原 淳,愛知県小牧市元町4-2-8,合資会社酒井貫一郎商店
竹原 智輝,神奈川県厚木市森の里2-3-18,
鈴木 梨沙,埼玉県戸田市本町4-3-10パルコート401,
道田 理紗,兵庫県神戸市灘区水道筋2-3-4,
外岡 文隆,東京都目黒区目黒2-1-7,
笹尾 伸行,大阪府豊中市庄内栄町3-3-19,有限会社中村商事
磯崎 祐司,東京都港区三田2-2-3,
津曲 太一,東京都日野市大坂上1-5-4,
百瀬 恵二,長野県上田市中央2-1-4,
原 正彦,神奈川県厚木市戸室1-2-4グランブルー708,株式会社アイワ
西尾 幸,愛知県常滑市大野町1-3-8ハーティネス514,昭和工業株式会社
坂井 香奈子,大阪府大阪市中央区南船場2-1-509,
小野 勝彦,東京都足立区花畑3-1-501,
山田 恵子,東京都渋谷区千駄ヶ谷3-5-10,有限会社山口製作所
宮本 紀代子,福岡県福岡市博多区博多駅前1-3-7,株式会社たんぽぽ
柳 陽子,東京都東久留米市幸町2-1-9コンドミニアム512,
中嶋 真一,東京都大田区池上1-2-8エクセレンス703,
藤澤 修,埼玉県さいたま市緑区美園1-1-14,
横山 明弘,東京都港区赤坂3-1-207,
栗原 秀幸,東京都港区高輪1-1-17,
松浦 一夫,兵庫県神戸市兵庫区湊町1-3-8,
緒方 俊明,大阪府大阪市都島区東野田町1-2-20,有限会社ヨシダ
鎌田 慎司,東京都港区西麻布2-1-15,
阿部 進,神奈川県厚木市森の里4-3-6,
櫻井 浩行,広島県広島市南区宇品西2-3-3,
中村 あすみ,福岡県福岡市西区野方1-5-405,
平山 昌弘,埼玉県朝霞市溝沼2-2-6,有限会社創研
宮田 佑理,宮崎県宮崎市大淀1-3-3,
川嵜 真樹,神奈川県横浜市西区戸部町2-5-10,
野末 ゆきこ,大阪府大阪市北区西天満3-2-11,
平田 絢子,宮城県仙台市宮城野区榴岡3-2-21,
岸岡 芳恵,兵庫県西宮市上甲子園3-2-701,
草場 千尋,東京都新宿区西新宿1-5-13アーバンビュー403,大和産業株式会社
伊藤 瑠衣,北海道札幌市中央区北三条西2-1-19サングレート305,
小林 聡,愛知県名古屋市中川区吉津1-5-9,合名会社杉屋旅舘
池上 陽子,熊本県熊本市東区月出3-2-20,
松本 一平,東京都豊島区南池袋2-3-4,
大滝 ゆかり,埼玉県さいたま市岩槻区東岩槻2-2-5,
齋藤 誠,愛知県名古屋市名東区名東本通1-3-10コムグレイス102,
及川 一仁,東京都豊島区上池袋1-4-605,有限会社オクト
鈴田 和弘,福岡県福岡市博多区堅粕3-1-10ミラージュパレス303,
安達 美穂,東京都世田谷区等々力2-3-5,
小貫 憂,東京都江戸川区北葛西4-2-10,
浅野 正人,千葉県木更津市請西3-4-3,
堀内 秀典,神奈川県綾瀬市大上2-2-3,有限会社エンドレス
関谷 優希,東京都江戸川区一之江1-2-8,
荒井 陽子,北海道小樽市奥沢2-1-3ステイツ506,株式会社M
鈴木 貴裕,東京都港区高輪1-5-5,株式会社MIC
田中 優,宮城県仙台市青葉区八幡2-1-3,合名会社日渡
井上 弘司,埼玉県川口市上青木西3-2-5,
佐藤 和佳子,大阪府大阪市西区立売堀3-4-19,
中村 智香子,東京都港区港南3-1-4,合資会社箕輪興業社
小林 哲平,千葉県市川市行徳駅前3-5-904,
成田 正明,東京都足立区西新井2-2-19,
田中 慶子,千葉県柏市豊住1-1-18,株式会社マハロ
高橋 真紀子,秋田県秋田市茨島3-1-1104,
内川 恵里,奈良県香芝市下田西1-2-3アウレリア816,
黒木 美穂子,愛知県名古屋市千種区今池3-5-7リッツ406,合同会社プラウディア
南 浩司,大阪府羽曳野市野々上2-1-14,株式会社コムテック
中村 宏典,愛知県名古屋市名東区一社2-4-1006,株式会社ナガイ
林 ゆりこ,東京都港区新橋2-3-7ディナスティ209,
海老沼 隼人,大阪府豊中市上新田3-3-10,
前川 裕昭,東京都大田区田園調布4-1-8,有限会社トップス
田中 邦江,大阪府大阪市淀川区西中島2-5-1108,
中原 善弘,茨城県つくば市吾妻1-4-21,
落合 健治,埼玉県三郷市鷹野2-3-307,環設計企画有限会社
熊谷 慎一,東京都中央区月島1-1-14,
林 淳,神奈川県鎌倉市七里ガ浜東2-1-6,有限会社大栄商事
三好 祥太,東京都港区赤坂4-1-8,
林 成人,奈良県奈良市芝辻町1-3-9,
中村 弘樹,東京都渋谷区神宮前2-4-606,
堀 晃代,東京都品川区南品川2-3-8,
太田 良太,東京都世田谷区北沢1-2-20,
加藤 明彦,東京都町田市金井ヶ丘3-3-8,三和工業株式会社
中村 剛史,千葉県松戸市東松戸4-1-5,
大原 夏子,神奈川県横浜市神奈川区神大寺1-1-8ハーティネス702,
井手 麻友,東京都品川区東五反田1-5-18,
福山 久美子,埼玉県川口市東領家1-2-15,
平賀 遥香,鹿児島県鹿児島市皇徳寺台1-2-4,
佐藤 信吾,埼玉県北本市高尾1-1-5,
工藤 和也,鹿児島県鹿児島市下荒田2-1-10,
益子 友貴,東京都杉並区久我山3-3-9,
赤星 敦,熊本県熊本市中央区本荘2-4-14,
長谷川 真理,静岡県島田市道悦2-3-7,
塩崎 隆二,宮城県仙台市青葉区一番町1-3-10,
吉本 世奈,東京都港区赤坂1-2-3サニーハウス511,
中西 浩一,東京都葛飾区新宿1-5-21,
田村 哲也,大分県大分市三川上3-1-3,合同会社テンバガー
志村 智規,東京都世田谷区松原2-3-19ヴィルヌーブ111,
野口 竜一,北海道札幌市北区新川西五条3-4-508ファスタージュ404,合同会社風林火山
岡野 幸祐,東京都台東区寿3-1-4,
宮崎 唯史,東京都杉並区高円寺南4-1-5,株式会社和興
高田 貴子,兵庫県神戸市長田区庄田町3-3-5,
武田 真木子,長崎県長崎市愛宕2-2-9,合同会社ミライン
川井 竜,東京都品川区大崎1-1-7,
石井 有希,東京都墨田区石原2-5-10,合名会社三重鋳鋼所
宇都宮 正大,愛知県名古屋市名東区上社1-4-22,
榎本 友絵,東京都文京区本駒込2-5-14,合同会社Ｒｉｓｅ
藤村 優,岩手県北上市常盤台2-1-21シーサイドプレイス303,有限会社グランディール
卜部 海渡,埼玉県飯能市美杉台3-2-11,株式会社リープ
石 賢,埼玉県入間市東藤沢1-5-11,
森村 歩,東京都世田谷区代田1-4-16,合同会社デンサン
松田 貴志,東京都新宿区高田馬場3-2-1002,株式会社フジモト
村中 嘉信,東京都文京区本郷2-5-1009ファインフラッツ109,
宇佐美 みどり,福岡県福岡市中央区薬院3-3-9グランピア516,
吉木 真由,大阪府大阪市東住吉区照ケ丘矢田1-1-11,
中村 俊二,東京都豊島区西池袋2-2-3,合名会社桝屋商店
高瀬 みちる,宮城県仙台市若林区卸町3-1-12,株式会社イマジン
田村 佑樹,東京都北区王子3-4-12,
鈴村 舞,北海道帯広市東一条南2-2-9,
野澤 航平,茨城県つくば市春日3-1-6,有限会社伊藤商店
楠田 恵子,福岡県福岡市中央区六本松1-3-705,有限会社アスカ
蒔田 一輝,大阪府吹田市岸部北3-3-606,株式会社アヴァンティ
久木田 健,宮崎県日南市戸高3-2-9ジョイフル402,
熊谷 恵美,大阪府東大阪市若江東町1-1-9パークナード309,
岡田 康典,沖縄県名護市宮里3-4-6,
水谷 昌平,大阪府大阪市中央区久太郎町2-3-12クレアコート309,株式会社メディックス
山本 雅之,福岡県福岡市博多区博多駅前2-2-18,
藤田 陽子,東京都目黒区目黒本町2-1-808,
山田 大司,東京都八王子市明神町1-3-9,合同会社稲葉
山口 拓磨,東京都大田区蒲田2-1-9,
白川 傑,東京都港区虎ノ門3-5-5,
青木 勲,東京都新宿区高田馬場3-3-4ロイヤルシャトー606,
藤田 伸生,神奈川県厚木市旭町1-3-6,
川崎 賢二,東京都江東区東陽2-1-10,合資会社小椋商会
平沼 達彦,東京都新宿区高田馬場2-1-4サンヴィラ204,
大西 哲也,東京都足立区谷中2-3-8,
森岡 達朗,埼玉県春日部市備後西3-1-10,
滝澤 弘樹,北海道旭川市錦町3-1-13,株式会社アイシス
佐藤 真路,東京都港区六本木3-3-5,株式会社松屋
吉崎 雅之,東京都中野区野方3-4-10,株式会社アトラクト
萩尾 麻耶,東京都江戸川区西一之江3-1-4,有限会社ナカヤ
柳楽 千尋,北海道札幌市北区北十二条西2-5-20,
加藤 良一,大阪府大阪市中央区瓦町2-1-706,
森山 智宏,東京都板橋区常盤台3-3-703エルグレース506,
山田 義明,東京都港区虎ノ門2-2-3,
高橋 努,大阪府豊中市庄内東町1-1-16,
内山 恵佑,福岡県福岡市博多区吉塚1-1-9,
佐久間 一雅,東京都渋谷区代々木3-2-10,
佐々木 一光,兵庫県神戸市灘区五毛通2-1-8,
安部 まゆみ,福井県福井市宝永2-1-17,
泉 沙貴,東京都港区芝浦1-3-19,
木村 雅人,東京都東村山市秋津町3-3-7,
渡邉 智子,宮城県仙台市宮城野区東仙台2-4-18ロジュマン504,
中川 麻理,福岡県北九州市八幡西区本城東1-5-11,
高見沢 航,沖縄県沖縄市泡瀬3-1-19,株式会社STYLE
小林 歩,東京都文京区本駒込2-1-3ベル205,株式会社アプローズ
金井 由美,兵庫県神戸市中央区小野柄通2-3-201アパ209,
林田 貴俊,広島県広島市西区商工センター3-4-8メープル301,株式会社M’s
高橋 静香,愛知県瀬戸市みずの坂4-2-8,久慈製粉合資会社
吉田 浩,東京都大田区羽田4-2-9ロイヤルマンション610,
上江洲 弘史,千葉県君津市久保3-3-16ユニライフ109,ＡＢ
塚田 誠,福岡県福岡市中央区渡辺通2-4-805,
保科 一,愛媛県新居浜市新須賀町2-3-906ヒルズコート709,有限会社伸栄
関 康人,神奈川県藤沢市鵠沼桜が岡2-4-3,
伊藤 信也,鹿児島県鹿児島市田上台3-2-6,株式会社シンエイ
松田 恭史,北海道函館市桔梗2-5-21,
山下 百合,東京都台東区上野2-3-6,
鈴木 裕之,東京都練馬区田柄2-2-301,
並木 愛,東京都新宿区西新宿3-2-4,
林 彩香,東京都足立区入谷3-2-301,株式会社グッドラック
小林 恵理,東京都台東区東上野2-2-6,
堀口 昌史,埼玉県川口市川口3-4-902,有限会社キャロット
井手 美紀,神奈川県川崎市多摩区菅2-5-3,有限会社幸栄
佐藤 絵理,神奈川県横浜市南区別所2-3-19,株式会社MIYABI
前川 利幸,静岡県伊東市広野2-2-9パークコート503,合同会社ＥＮＮ
吉田 章二,広島県広島市佐伯区薬師が丘1-2-10パークマンション714,株式会社ビジョン
倉田 舞,東京都台東区松が谷2-5-17,
高橋 琢也,大阪府豊中市東豊中町2-3-509ファミールグラン602,
堀 詩織,東京都中野区野方3-1-9,
谷野 彩,神奈川県横浜市青葉区美しが丘2-1-9コスモハイツ403,
山崎 雅子,東京都大田区大森西3-1-9,
垂水 未来,東京都杉並区和泉2-2-4,株式会社イスト
増尾 雄次,東京都新宿区高田馬場2-5-3,株式会社タイキ
柴本 洋平,東京都台東区浅草3-4-206,
丸山 麻衣子,東京都足立区千住2-5-16,有限会社エバーグリーン
渡辺 志郎,東京都港区虎ノ門3-2-8,
山口 綾,茨城県取手市駒場1-4-3,
税所 和,新潟県新発田市中央町2-1-20,
荒木 清,東京都渋谷区神宮前1-5-12エーベル809,株式会社渡辺工業
小倉 陽子,東京都港区高輪4-2-3,合同会社ＭＵＧＥＮ
岩尾 有美子,東京都港区高輪2-2-4,
田中 潤子,熊本県熊本市中央区九品寺2-5-20,
馬渕 あずさ,大阪府大阪市淀川区宮原2-1-5,株式会社ヒラノ
谷口 桃子,東京都港区六本木2-2-4,
遠藤 仁志,東京都大田区西糀谷1-3-6,有限会社森商店
米田 貴也,東京都台東区蔵前2-4-4,金塚?油醸造合名会社
一戸 由美子,東京都新宿区西新宿1-2-7,
水口 美樹,北海道札幌市北区北三十三条西3-3-19,有限会社伊勢屋
野村 知世,埼玉県鴻巣市吹上富士見2-2-4サンクタス308,有限会社エーワン
石井 智一,兵庫県神戸市北区藤原台北町1-5-15,
島村 実,大阪府大阪市中央区南本町3-2-9,株式会社フルール
林 健太,福岡県福岡市南区高宮4-1-3セントラル503,永和吉企業有限会社
上原 舞子,神奈川県川崎市川崎区渡田3-2-3,
日笠 正樹,東京都西多摩郡瑞穂町長岡4-1-8,
櫻井 由香,東京都江戸川区北葛西1-3-8,東洋興産株式会社
岩尾 和雄,福岡県筑紫野市美しが丘南2-1-4,合名会社貴舟
山崎 彩加,福岡県北九州市八幡西区千代3-3-10,
大畑 元宏,大阪府大阪市東淀川区西淡路3-1-9,株式会社ミライズ
寺尾 麻由,大阪府大阪市淀川区西中島1-2-13プラウドタワー115,有限会社グリーン企画
溝口 孝行,千葉県市川市北方町3-2-19ルイシャトレ804,
川野辺 雄一,岐阜県岐阜市九重町1-2-4デュアル706,有限会社伊藤
佐藤 洋子,熊本県熊本市北区八景水谷3-3-8,
山本 秀行,茨城県高萩市東本町2-3-10,
福井 一晃,京都府長岡京市天神2-1-3,株式会社ストリーム
田尻 久美子,埼玉県戸田市本町2-1-3,株式会社ライフプランニング
大川 紘子,東京都新宿区西新宿3-3-306,
藤代 由貴,埼玉県草加市松原3-3-6,株式会社中村商店
清水 誠一,愛知県名古屋市中村区名駅1-2-5ヴィラ403,
広田 久江,熊本県熊本市北区清水万石1-2-6クレアシティ404,株式会社トリニティー
千葉 春佳,東京都世田谷区用賀2-1-6,
谷口 三恵子,東京都葛飾区小菅4-2-10,有限会社富士産業
渡邊 祐介,埼玉県さいたま市浦和区岸町3-4-22ジオ101,合資会社レトロフィット
前出 栄作,宮城県仙台市若林区荒井2-1-1202,
高橋 亨,愛知県豊田市幸穂台1-1-6,
増田 ありさ,大阪府茨木市東太田2-2-14,合資会社阿久津陶器店
高橋 薫,広島県広島市安佐南区長束2-4-605,
森 大,東京都練馬区石神井町2-5-17セントファミーユ708,
菅野 容子,福岡県福岡市博多区博多駅前1-1-4サンシティ712,
内田 努,東京都東久留米市本町3-5-402,
秋山 広志,東京都港区芝浦1-4-17,
島田 慶太,神奈川県茅ヶ崎市本村3-2-22,
武内 紘平,東京都小金井市前原町3-1-9,
野村 奈緒子,神奈川県相模原市緑区町屋4-1-10,
浅井 耕太郎,滋賀県大津市本堅田3-3-4エスト509,
福田 巧,東京都新宿区高田馬場3-3-4,
阿部 裕貴,大阪府大阪市西区九条南1-3-6,佐伯杦木合名会社
佐藤 昭洋,長野県長野市中御所町2-3-6オークヒルズ714,
軽部 昌也,大阪府大阪市平野区平野西4-2-8,
石田 雄也,東京都新宿区西新宿3-1-8,有限会社グローリー
早坂 尚志,岐阜県多治見市音羽町1-5-1006,
浅井 裕文,北海道札幌市手稲区曙二条3-5-17,三京染色合資会社
竹島 光浩,東京都日野市東豊田3-5-302,
水野 麻実,埼玉県川口市並木2-4-5,
木村 友里,埼玉県さいたま市北区宮原町2-5-1004,
高橋 久子,東京都町田市小川2-4-19,レインボー合資会社
坂本 美香,愛知県名古屋市中区栄2-2-13,
清水 直樹,東京都新宿区四谷1-2-19,
高尾 浩之,東京都新宿区高田馬場3-5-8,合資会社別府商店
岡野 健二,北海道旭川市川端町二条3-5-13,
笈川 駿,栃木県足利市通2-3-5,合同会社あすなろ
浅田 一志,埼玉県戸田市新曽南3-4-18,
山本 匡弘,神奈川県横浜市鶴見区下野谷町3-3-6,
佐古 貢,神奈川県横浜市青葉区あざみ野2-3-4,
吉川 義人,埼玉県川口市上青木1-1-4エスト801,
鈴木 謙一,宮城県仙台市青葉区一番町1-2-10クレアシティ209,
近藤 勝,東京都新宿区新宿2-4-14,有限会社明日香
丸本 淳,山口県岩国市室の木町1-2-10,
坂東 孝男,東京都品川区大崎1-2-19,
高田 章,千葉県流山市おおたかの森西1-2-18,
押田 光弘,広島県安芸郡府中町瀬戸ハイム3-1-4,
末廣 泰助,北海道上川郡東神楽町北一条西1-4-12,
石川 健人,大阪府大阪市淀川区東三国2-1-5,
西田 美里,福岡県福岡市東区多の津2-3-7,
松田 英明,千葉県市原市青葉台2-1-20,菊地合資会社
前嶋 智,福岡県福岡市中央区天神1-1-909,
小西 雅人,東京都台東区千束3-1-6,有限会社太陽
砂川 由紀子,神奈川県横浜市神奈川区西寺尾2-3-5ラウムズ711,
前田 将己,福岡県福岡市博多区住吉2-1-8,
仲村 直子,東京都国分寺市西恋ヶ窪1-2-4,
菅野 士朗,愛知県名古屋市中村区中村本町3-5-706,
佐々木 綾子,大阪府大阪市浪速区桜川2-4-12,有限会社長谷川製作所
長本 彩子,東京都渋谷区神宮前3-2-4,
二宮 忠之,千葉県市川市北方町3-4-9パルメーラ713,
小野 眞紀,兵庫県川西市緑台3-2-6,合資会社丸兵商店
水島 菜津子,神奈川県横浜市瀬谷区阿久和西2-2-5,株式会社きずな
末松 裕未,東京都渋谷区恵比寿4-2-8,合名会社田中武商店
水間 麻紀,東京都墨田区錦糸3-1-6ロイヤルマンション502,
福田 功太郎,山梨県甲府市国母1-3-6,
今枝 元,大阪府大阪市城東区永田2-4-20,
田中 研吾,愛知県名古屋市名東区極楽3-1-8,
松野 麻貴,兵庫県神戸市中央区大日通3-3-306,株式会社センス
瀧澤 望,大阪府羽曳野市野々上2-1-14,有限会社富士商会
亀谷 剛,東京都立川市一番町4-1-6,
早瀬 晋,福岡県福岡市博多区諸岡3-3-4エスペランス412,
大久保 創,千葉県木更津市ほたる野1-5-16,合同会社張威
入山 悦子,東京都世田谷区経堂4-3-8,水海道ハイヤー有限会社
植原 正則,東京都豊島区千早3-4-3,
築山 久美,大阪府東大阪市西岩田3-2-6ブランシエラ103,
平間 麻奈,東京都東大和市芋窪1-2-10,
小堀 元,兵庫県神戸市中央区雲井通1-1-208,
竹内 司,東京都中央区日本橋本町1-2-21,有限会社トマト
望月 さゆり,福岡県福岡市博多区博多駅前2-2-18,
諸石 俊輔,東京都小平市花小金井1-1-6,
加藤 陽子,千葉県柏市大津ケ丘3-5-209,合同会社アンカー
仲尾 純子,東京都世田谷区弦巻3-4-6,株式会社BASE
田中 高子,静岡県浜松市中区高丘東2-1-14,
伊藤 由紀夫,東京都練馬区早宮1-1-8,
松本 るみ,東京都台東区浅草4-2-10,
加藤 博史,福岡県北九州市門司区風師1-5-15サントピア801,株式会社オーキッド
橋岡 潤,福岡県北九州市小倉北区熊本3-3-4,
立石 龍司,東京都品川区豊町1-2-13,
日吉 典久,宮城県仙台市宮城野区鶴ケ谷1-4-7,
伊藤 洋文,埼玉県蕨市南町2-3-9,
鈴木 小夜子,神奈川県横浜市中区海岸通3-1-8,
柏崎 美穂子,広島県広島市安佐北区可部2-5-8グランフェルティ411,
樋口 薫,東京都世田谷区南烏山4-1-3,株式会社アールテック
石橋 弘司,神奈川県横浜市港北区綱島西3-5-22,
佐久間 明美,東京都昭島市松原町2-2-9,有限会社匠
酒井 正義,東京都港区虎ノ門2-4-502,
中野 聡,埼玉県さいたま市大宮区宮町3-3-4,
湯浅 昌寛,千葉県市原市若宮2-1-22,
山田 真由美,北海道札幌市東区東雁来八条1-2-18,株式会社スギヤマ
由利 健,東京都千代田区九段南2-3-8サーパス211,合資会社海野材木店
菱沼 幸恵,愛知県名古屋市中村区名駅3-3-10,
稲田 絵梨,東京都江東区森下2-1-5,
辻本 雄大,埼玉県越谷市東越谷2-1-5,アヤン・インターナショナル合同会社
渡邉 寛,東京都新宿区四谷3-3-7,有限会社共和
宮崎 憲作,愛知県名古屋市西区上名古屋3-3-903,霞浦絹業合名会社
大倉 優奈,東京都千代田区九段南3-1-7,
藤井 亮,東京都港区南青山2-2-6,
伊藤 直隆,東京都新宿区高田馬場2-2-1004,合名会社ティーエスシー
谷 有里,長野県松本市中央4-1-10,
戸松 哲也,東京都新宿区高田馬場2-3-509,
横山 和義,東京都杉並区和泉4-3-6サントピア509,合同会社ＡＤＶＡＮＣＥ
中村 篤史,愛知県名古屋市東区矢田南3-3-9ステイツ108,
山本 洋子,東京都杉並区成田東4-3-6,
山田 和広,東京都千代田区神田駿河台3-1-3,株式会社サンテクノ
森本 裕介,東京都中野区東中野3-1-1209フォルム216,
久保 律子,東京都狛江市西野川3-1-5,
太田 翼,岡山県岡山市北区東古松1-5-408,増善?油合名会社
山内 達哉,茨城県つくば市春日2-5-1205,
高川 洋子,青森県弘前市大字末広3-2-3,株式会社グリーン
堤 茂,東京都荒川区西尾久4-3-6,
鶴巻 知江,熊本県熊本市西区池田1-4-1106,有限会社亀屋
山下 大介,東京都西東京市向台町3-2-15,
前田 恵子,愛知県刈谷市広小路1-3-10,
藤田 春彦,千葉県木更津市請西南2-5-20,有限会社寿屋
西 あさみ,埼玉県三郷市彦成2-5-8リッツ604,
松岡 美智子,山形県山形市長町2-2-21,株式会社フレックス
町田 義広,大阪府東大阪市吉田2-1-9,
松田 秀夫,大阪府大阪市東住吉区中野2-3-9,
桑原 敏朗,埼玉県さいたま市桜区町谷4-2-9,有限会社ジェネシス
黒田 一樹,東京都港区赤坂4-2-4デュアル815,株式会社リリーフ
芹澤 一貴,埼玉県上尾市緑丘2-1-19,
山本 京子,東京都港区南青山2-4-707サンコート512,
兒島 佳子,愛知県名古屋市中区栄3-1-14,株式会社ヨシダ
望月 彰,徳島県徳島市中島田町2-3-5デュオヒルズ808,伊藤漆器合名会社
永井 大二,東京都杉並区高円寺南2-5-3,
奈良 記子,大阪府大阪市平野区喜連西3-1-409,
内田 真里子,青森県弘前市大字城東中央2-3-17,
桶谷 英夫,東京都八王子市中野上町1-5-908,
吉澤 功,東京都中野区本町2-2-6,
山田 泰正,大阪府大阪市淀川区木川東1-1-21,合名会社ホームショップ服部
堤 隆,宮城県仙台市若林区荒井3-1-508,
水野 久美,栃木県さくら市卯の里1-1-4,西村産業有限会社
津川 和幸,愛知県名古屋市中区栄2-2-14,
佐藤 研,東京都葛飾区青戸1-1-10,株式会社大貴
田尻 純子,愛知県名古屋市天白区植田山3-1-409オーキッド812,
脇 智美,宮城県仙台市太白区郡山2-5-20,株式会社加藤組
中安 浩子,北海道札幌市北区北十三条西1-2-9,有限会社クリエイション
磯 直人,北海道札幌市北区北十二条西2-5-20,
谷藤 明子,愛知県一宮市公園通3-1-5,
大島 夏子,東京都目黒区目黒本町4-3-3,
宮崎 寿,大阪府東大阪市善根寺町1-5-1001ネオダイキョー414,有限会社ヒロセ
富岡 達男,東京都世田谷区用賀2-5-1205,有限会社パレット
臼井 由美子,神奈川県川崎市麻生区白鳥1-2-3,株式会社グリーンフィールド
荒井 光明,愛知県海部郡飛島村元起4-2-6,有限会社愛和
手塚 健太郎,福岡県福岡市南区和田3-2-4,
野末 太郎,福岡県福岡市中央区天神3-3-18,株式会社アルバ
柴田 昌弘,東京都墨田区東向島4-3-6,
草野 貴弘,神奈川県横浜市南区吉野町3-1-5,株式会社ハヤカワ
村上 美奈子,東京都西東京市田無町3-5-17シーアイハイツ202,
山崎 由子,栃木県鹿沼市西茂呂2-5-16,
藤田 朋彦,愛知県名古屋市名東区一社3-4-16,
永石 千恵子,北海道札幌市手稲区富丘一条4-1-4,
佐藤 清子,千葉県市川市北方町2-1-10,有限会社中島製作所
河村 彩華,千葉県市川市北方町4-1-7,
神崎 有希子,埼玉県川口市飯塚1-1-909,合資会社富田物産舘
小林 信一,東京都中野区東中野3-1-1209,石岡土木工業建築請負合名会社
高田 千晶,福岡県福岡市南区平和2-5-103,有限会社クレスト
山口 智恵,東京都目黒区上目黒2-3-8,合同会社ＴＨＥＲＩＣＨＴＲＡＤＩＮＧ
川崎 光,東京都葛飾区西新小岩3-4-16,株式会社小林組
遠藤 秀一,兵庫県神戸市東灘区森北町2-5-4,富田港遠洋漁業合資会社
前村 典夫,福岡県糸島市前原西3-2-5,有限会社大幸
内山 かずや,埼玉県戸田市美女木4-3-7,
堀内 真幸,熊本県熊本市北区龍田1-5-18コムーネ315,
塩見 直之,岐阜県岐阜市菅生2-3-3ビューネ705,
岡田 あゆみ,北海道室蘭市港北町1-1-3,
高橋 瑞穂,東京都町田市中町1-3-19,有限会社たんぽぽ
筋野 秀人,沖縄県浦添市城間3-2-8,
野島 千香子,東京都狛江市東野川1-1-3,
佐野 学,石川県金沢市泉野出町2-1-307シンプルライフ201,株式会社高橋組
松本 由起子,神奈川県川崎市多摩区菅1-2-808,株式会社ゼスト
鈴木 孝彦,東京都港区南麻布2-3-19,
渡邊 友祐,東京都港区虎ノ門2-3-906グレーシィ115,
小板橋 沙希,東京都豊島区千早1-2-10,株式会社ヤマト
米村 泰典,東京都荒川区東日暮里3-2-401,有限会社伊藤建設
谷内 誠二,大阪府豊中市服部本町1-3-3,茨城産業合資会社
塚本 史香,東京都葛飾区新小岩3-4-19リブコート608,
荻野 由紀子,北海道札幌市白石区川下五条1-2-5,
岡 邦弘,青森県青森市長島3-2-4,株式会社YAMATO
高橋 瑞穂,東京都八王子市七国1-1-22,
伊藤 和明,山梨県甲府市徳行4-2-10,合資会社寳島商店
松本 徹,東京都練馬区東大泉1-2-5,久慈林業合資会社
松田 潤子,兵庫県宝塚市伊孑志3-3-19,
森井 怜,神奈川県横浜市中区太田町2-1-21,
田島 裕喜,神奈川県横浜市鶴見区駒岡2-4-608,
堤 功,神奈川県川崎市中原区上小田中1-2-16,株式会社ユーテック
竹中 妙,東京都江東区森下2-2-19,
杉本 真也,東京都世田谷区船橋3-3-5,
池田 憲一,大阪府吹田市山田東3-2-15,株式会社TMコーポレーション
橋本 隆一,福岡県福岡市博多区博多駅南4-2-10,
阿部 美和,東京都港区虎ノ門1-2-9,
田中 浩久,宮城県多賀城市八幡1-3-15,有限会社石井商店
宮本 真貴子,東京都千代田区九段北2-3-8,
柴田 真吾,東京都練馬区富士見台2-5-1004コンセール311,
中村 渉,東京都墨田区八広1-2-12,
田中 龍一,群馬県前橋市南町3-1-16ロイヤルマンション209,合同会社新技術つくば
青田 聡美,東京都江東区大島2-1-4,
駒崎 教之,大阪府大阪市中央区南船場1-3-18,
眞下 晃太郎,神奈川県座間市入谷2-2-3,有限会社タイセイ
長塚 信弘,兵庫県神戸市中央区磯上通1-1-6パークコート610,株式会社あおば
山浦 和明,大阪府大阪市中央区本町1-3-4,株式会社インフィニティ
岩崎 瑞紀,東京都品川区二葉3-5-16,有限会社ソフィア
夏目 和彦,大阪府枚方市茄子作3-3-16,合同会社インテリアニシ
酒井 純一,東京都大田区中央4-3-3,常総食品合名会社
船越 和史,福岡県福岡市博多区博多駅前1-4-302,
太田 美紀,岩手県盛岡市上堂4-1-5,
木村 圭一,茨城県結城市新福寺1-2-5,
中原 望,大阪府松原市高見の里2-2-3,
守屋 優子,埼玉県越谷市川柳町4-3-7,株式会社エルフ
平田 香織,長野県松本市中央4-1-10,合名会社だるまや
中野 直樹,東京都渋谷区恵比寿4-1-5,株式会社インフィニティ
中村 一己,東京都新宿区四谷2-4-18,
鈴木 志穂,愛知県豊田市細谷町1-4-21,
田村 雄一,東京都文京区本駒込2-1-3,株式会社山喜
佐藤 郁雄,東京都港区高輪3-2-9,
青木 里枝,東京都新宿区新宿1-1-10,
諏訪 一平,兵庫県宝塚市小林3-2-1203,有限会社アスク
白川 理紗,栃木県宇都宮市塙田3-3-22,
川崎 桂子,東京都江東区南砂2-5-4,
辻 祐希,東京都葛飾区鎌倉1-5-13チュリス613,株式会社三和商会
加藤 由理,東京都港区虎ノ門3-3-10エステムプラザ805,
中川 義男,東京都八王子市明神町1-1-17,株式会社プロフィット
黒川 忠司,愛媛県四国中央市三島中央1-3-3,
城戸 諒,徳島県徳島市南昭和町1-1-5,株式会社大雅
浅田 真由,千葉県船橋市金杉2-1-3,有限会社サンユウ
圓井 和江,奈良県奈良市右京2-3-16,
岩本 邦夫,青森県八戸市根城4-1-10,
小林 繭子,東京都大田区中央4-3-6クレアヒルズ609,
山口 由樹,東京都世田谷区上祖師谷2-3-18,
和田 晶,東京都品川区東品川2-3-3,有限会社三栄商事
阿知波 洋,北海道札幌市西区宮の沢三条3-1-1205,
中村 大生,東京都目黒区下目黒2-3-704,
上條 将隆,栃木県宇都宮市大曽2-5-1202,
藤代 昌広,北海道稚内市中央2-4-20,
吉見 渉,東京都中野区江古田1-2-10,太陽建設株式会社
榎本 貴博,福岡県福岡市東区西戸崎2-5-17,
山下 久仁子,東京都中野区本町3-2-6,
福島 和正,大阪府大阪市淀川区西中島1-2-102,株式会社京和
安田 誠,東京都国分寺市戸倉2-2-4,合同会社パインソーラー１０５６
水野 まや,兵庫県神戸市中央区加納町1-3-15セントポリア414,
渡部 博,東京都新宿区西落合3-4-5,
小島 匠,東京都新宿区下落合1-3-4,合同会社こどもサポートプロジェクト
石井 あずさ,東京都武蔵村山市大南1-3-6,
山崎 浩太郎,和歌山県和歌山市久保丁3-3-19,
小林 哲志,兵庫県川西市大和東1-1-6ワコーレ702,
櫻井 香,大阪府高槻市富田町3-1-11エムプラザ412,株式会社中村組
知花 幸江,神奈川県鎌倉市由比ガ浜3-3-3,
秦 勝弘,東京都多摩市桜ヶ丘2-2-4,
榎 慎太郎,広島県福山市千田町2-3-3ディナスティ416,
本田 早苗,兵庫県神戸市東灘区本山北町3-1-402,
後藤 加奈,神奈川県藤沢市藤沢2-4-5,合同会社神立エンタープライズ
内田 恵理子,東京都世田谷区下馬1-5-803シャトード614,
岡村 諒,東京都練馬区高野台3-4-19,
松岡 京介,山口県光市島田3-3-10,有限会社村田商店
西原 裕幸,福岡県大野城市仲畑2-1-5,株式会社ルピナス
伊藤 裕子,東京都杉並区高円寺南1-3-18オーケーズ203,
松崎 みどり,栃木県宇都宮市今宮2-4-19,
川越 望,東京都文京区小日向1-3-9,
林 一樹,埼玉県朝霞市朝志ケ丘3-3-7,
関 哲也,広島県広島市安佐南区伴東2-2-4,
眞田 裕子,千葉県船橋市高根台3-1-7,合資会社マサル鉄工所
碓井 正人,大阪府豊能郡豊能町東ときわ台3-1-5,
後藤 忠幸,東京都品川区東品川3-3-17,富士商事株式会社
境野 しほり,北海道苫小牧市ときわ町2-5-904プレミアム712,合同会社ＦＯＲＡ
湊 正太郎,大阪府四條畷市岡山東3-3-22,株式会社クレッシェンド
松原 順子,北海道札幌市手稲区稲穂二条2-2-11,
池内 桂,兵庫県神戸市東灘区森北町2-5-4,
菅沼 美佳,石川県金沢市玉鉾3-2-10,
中村 真紀,東京都渋谷区神宮前2-2-20シャンボール502,
宮下 真一,愛知県一宮市三ツ井3-3-1102,新和産業株式会社
船津 有香,埼玉県戸田市本町1-2-4,
能瀬 教子,東京都葛飾区奥戸1-5-206,大成産業株式会社
西 健一,静岡県静岡市駿河区下川原1-2-505,株式会社大日
近藤 昇,神奈川県横浜市中区太田町1-5-8レジオン711,
中澤 都,大阪府大阪市淀川区西中島4-3-4,
菊井 翔,佐賀県佐賀市兵庫南3-2-22,株式会社三和
佐々木 啓太,大阪府八尾市桂町2-2-10コボリクラスタ515,昭和プラント有限会社
伊藤 しのぶ,愛媛県松山市三番町1-4-3パラツィーナ709,
田口 あやか,滋賀県大津市浜大津2-1-5,
相原 直樹,兵庫県西宮市浜甲子園3-1-14,
町田 たかこ,愛知県名古屋市中区栄1-3-18,有限会社山善
櫻井 大輔,大阪府大阪市淀川区西中島1-3-16アズ207,合名会社三和商店
小林 彩夏,山形県尾花沢市上町1-4-16,
佐藤 裕一,東京都狛江市東和泉1-4-15,
中田 俊一郎,大阪府大阪市住之江区南港東4-3-9,
平田 光,神奈川県茅ヶ崎市高田3-2-4,合資会社高橋スポーツ店
飯田 裕子,栃木県小山市駅南町1-2-14,合名会社西村綿業
島田 裕一,宮崎県宮崎市祇園2-2-1102,
津田 昌子,埼玉県川口市戸塚2-2-14,
山本 幸子,東京都千代田区九段北3-1-8ハーモニーコート311,
加藤 智也,山口県下関市王司神田2-1-6,
金子 洋一,静岡県磐田市今之浦3-3-809,合同会社シャトル会計サポート
溝口 周治,東京都世田谷区粕谷2-5-103,
川守田 英和,大阪府大阪市淀川区東三国2-1-5,合名会社田中商会
藤 泰子,東京都目黒区中目黒2-3-5,
青木 裕子,大阪府大阪市生野区勝山南3-1-21ワコーレ711,
中山 愛,神奈川県横浜市鶴見区北寺尾2-1-7,
山本 もも,神奈川県川崎市幸区小倉3-2-21,中央建設工業有限会社
水野 裕士,東京都港区高輪3-3-5,
本田 あい子,埼玉県新座市栄2-4-1107,
佐藤 信夫,兵庫県神戸市中央区北長狭通1-1-14,
安原 直樹,東京都杉並区荻窪2-4-501フォルム207,有限会社富士産業
佐藤 章人,東京都港区南麻布2-2-9,有限会社コスモ
山岸 一徳,神奈川県横浜市西区桜木町1-3-1205,
立花 一樹,東京都台東区東上野3-5-15,
上原 正樹,大阪府箕面市瀬川4-3-8プリメゾン605,有限会社ヒロ
橋本 哲郎,北海道札幌市中央区双子山2-2-16,
塩野 正樹,神奈川県相模原市中央区富士見2-3-3,有限会社グローリー
高橋 智則,福岡県福岡市西区小戸4-3-7,
大坪 陽亮,福岡県大野城市牛頸1-3-5ネオディ307,有限会社トミー
五十嵐 久美子,東京都江東区大島1-3-14エスペランス410,
馬場 英臣,東京都新宿区中落合3-1-4,
綾 拓也,東京都墨田区錦糸1-1-7,株式会社OWL
十河 ゆりえ,東京都三鷹市大沢3-1-6ユニライフ715,株式会社アイテム
乙部 学,東京都品川区小山2-2-22,株式会社平成
大手 正人,東京都新宿区西新宿2-3-19,
佐藤 歩美,東京都新宿区西新宿1-3-808,
西川 卓,大阪府大阪市平野区瓜破東2-5-13,
久松 舞,東京都中央区築地2-4-5,株式会社武蔵
多田 早織,徳島県徳島市北沖洲2-4-4,
栗山 裕太,東京都板橋区前野町3-1-22,
石川 道子,東京都品川区荏原2-1-3,
田村 勝巳,広島県広島市東区牛田早稲田1-4-6,
藤吉 ともこ,東京都中央区築地1-2-8ソルステージュ316,
上野 剛,東京都東村山市秋津町2-1-6,株式会社ニッコー
黒川 千佳,福岡県糟屋郡宇美町貴船1-1-509,株式会社アドヴァンス
吉田 純一,埼玉県さいたま市浦和区仲町1-5-5ローレルコート610,
吉田 涼子,東京都品川区東品川2-2-10,
村岡 学,愛知県豊田市土橋町2-1-1003,
原田 美里,神奈川県横浜市中区海岸通1-1-16,合同会社アウトスタンディング
山脇 尚之,北海道札幌市北区新琴似九条3-2-5,
池内 大介,石川県金沢市石引3-3-708,
石井 裕介,東京都豊島区西巣鴨2-2-11,
長谷部 佳和,岐阜県各務原市鵜沼朝日町2-5-10,
山本 潔,奈良県奈良市二名3-5-804,
町田 大樹,大阪府東大阪市若江西新町2-4-16,
藤村 賢一,群馬県邑楽郡大泉町西小泉3-4-19,株式会社響
黒野 克哉,千葉県船橋市高根台3-1-7,
森田 彩,東京都大田区蒲田3-4-7,株式会社リアン
吉田 勇二,青森県八戸市沼館3-5-9,
内村 きょうこ,東京都杉並区上荻2-2-1109,有限会社グランディール
田中 祐也,埼玉県戸田市美女木1-1-8,
光井 一成,東京都港区虎ノ門3-2-805コムーネ411,
森川 泰之,東京都品川区西大井3-4-17,株式会社仁
黒田 雅彦,東京都豊島区巣鴨1-1-5,有限会社フラット
佐藤 隆,東京都世田谷区中町3-2-19,千秋オートサービス有限会社
今川 由希子,大阪府守口市梶町1-2-10,
川崎 信行,東京都品川区東品川4-1-7,
高田 友紀,福岡県那珂川市片縄3-2-19,
山内 ちえ,福岡県福岡市中央区小笹3-4-1205,
川上 泰史,大阪府八尾市小畑町3-3-11,株式会社アクシア
森岡 忍,大阪府八尾市曙川東3-1-9,
水野 誠,愛知県名古屋市緑区黒沢台1-2-307,株式会社グランド
三鬼 武夫,千葉県船橋市西船2-4-9サンロイヤル313,有限会社柴田商店
井上 ゆか,神奈川県川崎市川崎区浅田2-4-206,株式会社ヒューマン
村瀬 恵子,大阪府吹田市泉町3-2-10エンゼルハイム416,株式会社田中製作所
石田 祐貴,東京都墨田区緑3-4-11リーガル212,
鈴木 芳樹,大阪府高槻市栄町1-3-3,
阿部 譲,東京都新宿区四谷2-5-3,
日野原 保,新潟県三条市直江町2-1-9クレステージ208,
浅岡 ひろえ,東京都江東区東砂4-2-4,
馬場 明里,東京都渋谷区恵比寿2-5-106,株式会社あおば
七瀬 裕介,東京都新宿区北新宿1-2-15,
阿部 葉月,東京都千代田区飯田橋2-4-15,
小林 圭吾,東京都世田谷区桜上水1-3-3,
高橋 美穂,大阪府大阪市阿倍野区松崎町4-2-9,
武藤 啓,大阪府大阪市北区天満1-2-1002,
岩本 光浩,東京都台東区台東4-3-8,
島田 茂,愛知県名古屋市中村区名駅南3-3-7,有限会社リンクス
鈴木 祐樹,東京都北区王子2-4-1202アルビス113,
高山 一峰,東京都東久留米市南町1-3-16,
澤 信一,東京都新宿区西落合3-4-5,合同会社フリーエージェントスタッフ
石川 ひかり,東京都品川区西大井3-4-17,有限会社フォーユー
江守 正寿,東京都新宿区西新宿3-1-3,
内藤 早苗,愛知県名古屋市中村区鳥居通3-1-10エグゼ616,
橋本 裕,東京都国分寺市東恋ヶ窪3-1-12,株式会社クラウドナイン
矢部 智子,東京都墨田区本所1-5-21,
和田 由美,兵庫県神戸市中央区磯辺通3-1-10,
藤田 仁,東京都中央区銀座1-1-10,
加藤 寿恵,愛知県名古屋市名東区一社2-4-1006,有限会社ワコー
佐々木 将臣,東京都渋谷区代々木3-1-7,
中谷 宏美,大阪府豊中市庄内栄町4-3-4,合名会社三浜信託社
田中 裕恵,愛知県名古屋市名東区梅森坂3-1-12,
佐藤 彩,神奈川県川崎市多摩区南生田3-3-8,有限会社サンフーズ
大橋 晶,兵庫県神戸市灘区高尾通1-3-16,株式会社プロフィット
赤木 つかさ,兵庫県宝塚市安倉中4-1-7,
谷口 政志,東京都中野区中野1-5-21,
竹内 誠司,長野県長野市吉田2-5-12,
田中 大樹,愛知県名古屋市中区大須3-4-19,
中村 圭吾,東京都港区芝浦1-2-16,有限会社吉田工務店
奥村 比呂志,広島県広島市安芸区矢野西3-3-10リベール206,
佐々木 直浩,福岡県北九州市小倉南区朽網西4-1-8サンプリンス307,株式会社幸栄
藤木 文恵,宮城県石巻市日和が丘1-3-20,有限会社永和
戸室 直輝,北海道札幌市清田区北野五条3-3-20,フロンティア株式会社
宮野 麻由,茨城県つくば市高見原4-2-8,株式会社トラストワン
塙 実,東京都台東区寿1-5-15,
笠原 遥,神奈川県川崎市幸区小倉3-2-21,株式会社豊栄
竹内 博志,東京都文京区本郷4-1-8,合名会社上利呉服店
和田 亮,神奈川県座間市相模が丘1-3-6グランドヒルズ702,
佐々木 和之,神奈川県横浜市旭区中白根3-1-22フォルザ411,
宇野 きよし,東京都港区西麻布2-1-21,
永井 文美,埼玉県川口市戸塚2-5-14,
桝田 絵利子,埼玉県川口市赤井3-4-502,
向井 圭子,東京都渋谷区広尾2-1-6,合名会社久住商店
内藤 彰,東京都中央区八丁堀3-1-8,
橋本 淳,東京都葛飾区奥戸1-5-206サニーハウス801,
関根 由紀子,宮城県仙台市青葉区一番町2-4-21,
宮崎 雅朗,東京都台東区浅草橋1-5-20,
勝木 万紀子,福岡県筑紫野市光が丘4-1-6ラフォーレ314,宏明技研有限会社
蛭田 淳,大阪府大阪市阿倍野区松崎町1-1-4,
山口 朋樹,愛知県瀬戸市はぎの台3-2-22,
山本 朗子,東京都世田谷区松原2-1-8,
河本 龍之介,東京都中央区築地1-2-8,
坂本 かほり,東京都千代田区九段北2-1-307,
大浦 麻央,東京都足立区青井1-5-11コンドミニアム805,
上野 愼,愛知県名古屋市守山区白山1-4-13,株式会社スプリング
豊田 亮,東京都中野区上高田3-1-14,
市川 江里子,宮城県仙台市若林区若林4-1-8,合同会社木の葉丸農園
青木 美夏,大阪府四條畷市岡山東3-3-22,
浜口 隆,東京都世田谷区鎌田2-2-9,
久保 麻奈美,大阪府大阪市西淀川区歌島3-1-15,有限会社ソレイユ
後藤 未希,東京都立川市錦町3-2-9,
石神 一成,埼玉県越谷市南越谷4-1-8,
櫻井 賢一,奈良県橿原市内膳町3-1-309,
新名 三重子,東京都府中市天神町1-1-7,有限会社フェニックス
岩崎 義久,神奈川県座間市相武台2-3-3,
村田 淳一,神奈川県横浜市鶴見区下野谷町1-5-4,
渡辺 和久,神奈川県相模原市中央区上溝2-3-5オーキッド507,
林田 祐介,沖縄県沖縄市比屋根3-3-8,
加藤 直子,東京都足立区江北3-5-15,
橋本 孝行,大阪府大阪市港区弁天2-2-9,合資会社日本決済販売センター
和田 俊介,東京都杉並区高円寺南1-1-5,
松浦 潔,東京都墨田区太平4-3-5パルムハウス312,
松本 みか,東京都世田谷区上馬1-2-4,有限会社中村
染野 健太郎,北海道札幌市東区苗穂町1-3-1207,有限会社三宝
林 健,東京都荒川区南千住4-1-5,
市川 佳子,愛知県名古屋市東区白壁3-1-10,有限会社オアシス
宮井 佳英,東京都江東区南砂4-2-6,
平川 泰宏,東京都墨田区立花2-2-7,株式会社TSC
山岡 佳久,東京都杉並区西荻北2-5-15,株式会社フォース
西崎 あずみ,愛知県知多市巽が丘2-5-11,
加藤 栄太,東京都大田区大森東2-4-8,有限会社清水屋
鈴木 啓介,福岡県北九州市戸畑区中原東3-3-7ダイアパレス404,株式会社トライアングル
高橋 綾子,東京都小金井市中町2-5-3,
三浦 剛,埼玉県さいたま市浦和区瀬ヶ崎3-4-6,
山形 伸介,東京都中央区銀座2-1-12サンクレイドル505,
近野 ななえ,東京都千代田区麹町1-1-9,
伊藤 健一,北海道釧路市南大通3-3-5,
高橋 絵梨,東京都練馬区下石神井2-2-6グランクレスト111,株式会社和楽
矢ケ崎 真由美,栃木県宇都宮市東宿郷2-1-12,有限会社ユウキ
須田 俊男,岡山県岡山市北区今1-1-5パレ811,松園建設有限会社
川口 淳一,兵庫県姫路市玉手2-2-16,
桑山 治子,東京都港区虎ノ門3-2-1201,
田中 美香,和歌山県和歌山市今福2-1-9,有限会社ユウキ
大田 高大,神奈川県厚木市中町1-1-22,
田中 理絵,東京都世田谷区世田谷1-4-15,
金城 美華,神奈川県大和市中央林間1-3-8,
吉田 素子,大阪府大阪市北区西天満1-4-9,合同会社Ｔｏｍ
田嶋 悟,神奈川県横浜市港北区綱島東1-3-701,
鈴木 沙織,東京都江戸川区南篠崎町3-2-6,
齋藤 彩子,埼玉県さいたま市南区文蔵3-2-7,
江本 靖史,大阪府大阪市中央区高麗橋2-2-103,株式会社ベーシック
三宅 純一,岐阜県大垣市恵比寿町北4-1-5,合資会社シュン・プロモーション中部
後藤 千鶴子,東京都中野区中央3-1-1103,
小沼 博史,東京都武蔵野市吉祥寺本町1-2-10,
櫻井 恭子,東京都八王子市明神町2-5-608,
大泉 勇人,東京都渋谷区神宮前4-3-3,
三宅 いづみ,大阪府大阪市生野区巽東2-5-306,株式会社ウィズ
野村 直樹,兵庫県西宮市浜甲子園3-1-14グランデ306,株式会社ユニティー
星野 雄介,東京都世田谷区瀬田4-2-4,
島崎 里佳,鳥取県米子市米原1-3-6,
中島 夕貴,愛知県名古屋市天白区中平4-1-6,坂井林業合名会社
内藤 明子,神奈川県横浜市神奈川区六角橋1-3-909,有限会社エイコー
安田 啓輔,埼玉県さいたま市南区曲本3-5-3,
石田 美紀,大阪府大阪市北区天満2-4-14,有限会社コーシン
小野寺 祥子,東京都中央区築地1-2-909サンヴィラ809,
西林 正樹,徳島県徳島市北矢三町3-5-13,株式会社ボヌール
網田 幸宏,北海道札幌市北区北二十八条西4-3-8,有限会社吉祥
海老原 明子,大阪府藤井寺市沢田1-5-801,有限会社石井製作所
北村 奈々,東京都中央区築地4-1-4,
榊原 智哉,神奈川県横浜市青葉区あざみ野2-5-14,株式会社マツイ
西田 貴子,北海道旭川市東八条1-1-12,
中村 圭子,広島県福山市新涯町3-3-22,
野村 広志,福岡県福岡市博多区堅粕4-1-6,
永井 恵治,東京都世田谷区桜丘2-2-4,
間野 千賀,広島県広島市安佐北区落合南4-3-9,有限会社栄光
川口 和寿,大阪府大阪市中央区南本町1-5-506オーガスタコート404,
秋山 祐介,東京都中央区日本橋本町3-2-9,
森下 夏実,東京都目黒区上目黒3-3-8,
山本 茂雄,東京都杉並区高円寺北1-3-6,
花岡 有香,東京都台東区蔵前1-2-904,
内田 真衣,北海道釧路市益浦1-1-21,
近藤 尚之,兵庫県神戸市中央区栄町通3-2-10,野崎運輸有限会社
高橋 哲郎,大阪府大阪市中央区南本町1-2-18グランドハイツ701,
杉浦 牧子,東京都墨田区東向島1-1-602,
小杉 美希,東京都江東区豊洲4-1-4,
谷澤 直也,福岡県福岡市中央区天神2-3-12リッツ411,
峯岸 圭子,埼玉県朝霞市膝折町3-4-11,
大川 光,千葉県千葉市中央区中央2-2-10パークナード503,
金子 真也,東京都大田区西六郷3-2-8,株式会社平成
大塚 宏美,大阪府八尾市高美町2-2-5ネオコーポ801,
吉田 詩乃,石川県金沢市石引3-3-708,有限会社友和
泉 香緒里,北海道札幌市北区新琴似七条1-2-5サンマンション609,有限会社アルカディア
喜多 幸夫,千葉県柏市つくしが丘2-2-6,有限会社エムテック
水野 ともこ,東京都文京区本駒込1-4-302,
金井 健二,愛知県名古屋市瑞穂区洲雲町2-3-14シャルム716,
後藤 雄太,兵庫県西宮市西宮浜1-2-7,
浅野 慎一,大阪府大阪狭山市池之原2-5-6,株式会社三星
山口 元,埼玉県鴻巣市松原1-2-9,
三宅 洋和,神奈川県横浜市港南区港南台3-2-3,
波多野 勝己,東京都新宿区四谷1-2-9,
長谷部 有子,神奈川県横浜市磯子区岡村1-2-9,株式会社アンフィニ
國重 宏一,北海道札幌市北区新琴似三条2-1-21,合資会社三笠屋商店
嶋田 博士,鹿児島県鹿児島市武岡2-4-1205サンフォーレ416,
藤井 達矢,東京都墨田区太平2-5-5,有限会社ハッピー
古屋 淳,千葉県船橋市本町2-5-21,
山浦 梓,大阪府大阪市北区西天満2-4-17,有限会社木村商事
生田 智則,埼玉県新座市馬場3-5-15,
原田 直之,神奈川県藤沢市本町3-2-5,
山田 一也,兵庫県姫路市安田3-3-18,株式会社さくらコーポレーション
佐藤 雅生,福岡県太宰府市水城1-1-402,
江藤 一郎,神奈川県藤沢市辻堂元町4-3-8,
本多 典子,奈良県奈良市平松3-1-14,
松島 愛美,長野県松本市石芝3-1-7,株式会社タムラ
加藤 寛之,埼玉県越谷市千間台西1-1-8,株式会社ホワイト
横山 一二三,東京都中央区日本橋本石町2-4-5,
片桐 智之,愛媛県松山市湊町1-1-21,丸五ゴム工業合資会社
永里 ひろし,東京都大田区西蒲田3-2-7,
松根 聡一郎,東京都葛飾区立石3-5-15,
三浦 レイ,大阪府大阪市福島区鷺洲2-5-4,
北川 智子,大阪府豊中市庄内栄町1-5-17,
阿部 直樹,広島県広島市西区南観音2-3-10,
浅野 優子,愛知県名古屋市南区中割町3-2-3,
三浦 義昭,福岡県福岡市中央区六本松2-4-102,
宮川 勉,東京都中央区八丁堀3-4-18,株式会社グリーンテック
松村 俊介,神奈川県横浜市鶴見区下野谷町2-2-14,
簗田 あゆみ,愛知県名古屋市東区三の丸1-1-13プランヴェール409,
藤井 さゆり,大阪府大阪市淀川区東三国3-3-8,有限会社鈴木工務店
望月 奈緒子,北海道札幌市北区北十条西1-1-9,
岩崎 悦子,北海道夕張市本町1-3-4ネオステージ105,
丸山 宏一郎,福岡県福岡市東区大岳4-2-9,ＨＤＡ合同会社
中井 耕平,愛知県碧南市金山町2-1-8,有限会社明和
小倉 昭男,福岡県宗像市城西ヶ丘3-3-5,有限会社トータルサービス
後藤 類,大阪府大阪市住之江区東加賀屋3-4-5,
下田 ゆず,東京都葛飾区亀有1-1-18,
深堀 真弓,大阪府大阪市東住吉区杭全1-4-20,古河燻炭肥料合名会社
紺野 信治,大阪府大阪市東成区中道4-1-6,
藤井 史典,神奈川県川崎市中原区木月1-3-21グレイスハイツ305,
佐々木 政輝,愛知県刈谷市寿町4-3-8,株式会社ハピネス
内山 慎治,兵庫県尼崎市田能3-3-13,
佐藤 瑞穂,福岡県北九州市八幡西区木屋瀬3-1-3ディーレスティア812,
深作 敦子,埼玉県八潮市中央1-3-3,
芳野 恵美,東京都千代田区麹町2-4-18,
福島 淳一郎,東京都世田谷区南烏山1-1-3,株式会社誠
関口 尚美,千葉県君津市北子安1-5-10,
田島 光明,東京都練馬区南大泉1-1-305,
志岐 浩司,佐賀県佐賀市神野西3-4-12,
鈴木 真奈美,大阪府大阪市住之江区中加賀屋2-1-7,
柴田 なな,東京都世田谷区太子堂3-5-4,
松岡 紀彦,福岡県糟屋郡志免町桜丘1-1-609,
佐藤 由香,神奈川県横浜市鶴見区鶴見中央1-4-22,合名会社竹内商店
葛西 直志,大阪府大阪市平野区加美東2-5-102シティライフ813,
田村 勇一,東京都江戸川区西一之江3-3-22,有限会社鈴木工業
綿引 祐治,埼玉県深谷市西島1-4-11セントポリア611,有限会社木村製作所
長谷川 秀樹,大阪府大阪市淀川区西中島2-3-20,
前田 豊,大阪府高石市加茂3-2-19サンフォーレ710,有限会社コスミック
松村 進吾,東京都中野区弥生町1-1-3,合同会社スリー・ハット
宇佐美 順二,東京都練馬区桜台1-5-1101,
藤原 聖子,北海道札幌市中央区南七条西1-5-16イニシア410,
岡本 昌也,東京都練馬区中村北4-1-8レアルグランデ502,有限会社アクロス
佐藤 元太郎,埼玉県春日部市豊町3-4-709,
鵜殿 良太,東京都世田谷区野沢1-2-9レスタージュ403,有限会社インフィニティ
吉岡 亜季,東京都渋谷区広尾2-5-706ハーティネス603,
佐野 幸恵,埼玉県春日部市粕壁東2-3-8,株式会社スペック
谷奥 夕佳,愛知県岡崎市明大寺本町1-3-10シャンティ112,株式会社丸高
吉田 大輔,北海道札幌市北区新川三条1-1-3,
櫻井 かおり,千葉県船橋市高根台2-1-15,有限会社ミヤモト
小坂井 直美,大阪府大阪市中央区南船場2-2-7エルグレース114,有限会社ヨシオカ
小畑 毅,鹿児島県鹿児島市田上台3-3-6,
熊谷 裕紀,東京都東村山市富士見町2-4-503,
武藤 めぐみ,愛知県尾張旭市狩宿町1-3-5,
山本 綾香,北海道札幌市東区北丘珠二条2-1-11,有限会社ライトハウス
野村 剛平,大分県中津市中殿町2-3-9,有限会社フロンティア
星野 詩織,東京都文京区白山4-2-10,有限会社長谷川商店
浅田 泰則,北海道釧路市星が浦南4-1-3,
花岡 潤也,山形県山形市小白川町3-3-5,合同会社自然素材・木の家
河上 雅弘,北海道小樽市入船2-2-8,
西田 朋恵,東京都新宿区高田馬場2-1-6,
龍田 絢子,埼玉県草加市花栗2-3-10,
鈴木 雅晴,東京都渋谷区千駄ヶ谷1-4-17,株式会社ミネルバ
堀 勇,東京都世田谷区上馬1-2-4,茨城家禽合資会社
高橋 奈美,宮城県仙台市青葉区中央4-3-8,株式会社ウェル
長谷川 伸一,東京都港区高輪3-2-8,
田中 正彦,埼玉県川口市青木2-2-9ドエル509,
星名 まさこ,東京都中央区日本橋本町1-1-8,
古山 佳久,北海道札幌市西区発寒十七条1-1-706,
伊礼 崇志,広島県広島市西区高須台1-2-6,有限会社ウインズ
氏家 太一,東京都品川区小山1-1-604,
横山 充,福井県福井市志津が丘3-2-8,
松永 典子,沖縄県浦添市牧港1-3-1207,有限会社森商店
武藤 理沙,東京都練馬区貫井2-5-6,
和久田 薫,東京都荒川区東日暮里1-2-13エンゼルクレッセ102,有限会社田中商会
新海 真実,茨城県猿島郡五霞町原宿台3-4-4,株式会社アクティ
久保田 めぐみ,東京都港区新橋2-3-12,
今野 崇之,東京都港区西麻布1-4-16,
田中 直人,神奈川県伊勢原市伊勢原2-1-509サンプリンス806,
松井 英一郎,東京都新宿区新宿2-1-709,
藤崎 直子,東京都羽村市神明台1-2-15ユニライフ110,
中山 祥太郎,福岡県福岡市中央区六本松3-3-9リーベスト305,株式会社池田屋
中村 良治,大阪府大阪市浪速区日本橋2-2-3,合資会社小森商店
工藤 聡子,東京都足立区足立3-1-808,有限会社藤企画
樋口 芳宏,東京都世田谷区南烏山2-2-9,
鈴村 秀明,茨城県牛久市上柏田2-3-8ハローマンション804,株式会社アレックス
青野 義信,大阪府大阪市中央区南久宝寺町3-2-10,朝日産業合名会社
植田 和貴,愛知県名古屋市東区白壁3-2-3セントポリア113,株式会社ひなた
小野 学,北海道釧路市黒金町2-2-6,
森永 昭博,愛知県尾張旭市狩宿町1-3-5,
岡田 明子,東京都世田谷区上北沢3-2-9,有限会社ウチダ
尾崎 知弘,東京都杉並区浜田山2-5-3,合同会社ＬＩＦＩＸ
遠藤 裕理,東京都府中市本宿町3-2-7,
暁 博,長野県上田市常磐城1-5-18,合名会社内田造船所
岸川 加菜,東京都杉並区高井戸東3-4-20,
野口 雅巳,東京都港区南青山2-4-707,
坂田 和良,東京都中央区月島2-3-7,
千葉 淳,長崎県長崎市滑石3-3-1005,合同会社福王山太陽光発電
森脇 伸広,東京都千代田区飯田橋2-3-7,
丸尾 勇気,長野県長野市三輪1-2-9,
小林 大介,青森県青森市蛍沢2-4-501,有限会社中村
宮永 晃伸,東京都稲城市向陽台3-3-7,株式会社アクティス
岡安 雄二,東京都渋谷区代々木1-1-3,
細谷 幹,東京都港区西麻布3-5-17,
清水 直子,北海道旭川市旭神三条3-1-8ベルレーヴ310,
松原 菜月,北海道札幌市東区北十四条東1-2-6,
坂本 景子,石川県金沢市増泉2-1-7パークスクエア102,株式会社ブレイン
上田 信明,埼玉県さいたま市緑区道祖土3-3-6,
吉村 真理子,愛知県名古屋市中区千代田4-2-6,
平山 一弘,神奈川県横浜市港北区高田西2-1-4,株式会社信栄
八尾 幸江,北海道札幌市中央区南八条西3-5-17,
西野 浩士,福岡県北九州市小倉南区城野3-1-15,株式会社エコライフ
池田 茂,北海道旭川市錦町3-1-13,
栗原 幸世,埼玉県戸田市本町4-3-4,
前田 直子,東京都新宿区新宿2-1-709シティタワー813,
増田 智博,東京都江戸川区臨海町1-2-5プレサンスグラン316,合資会社システムネット
羽田野 文彦,東京都港区虎ノ門3-3-19,
岡田 賢治,北海道札幌市中央区北四条西3-2-9,有限会社クラウン
渡邉 祐規,北海道札幌市厚別区厚別中央三条2-1-3,有限会社シオン
寺西 加奈,愛知県名古屋市西区又穂町2-1-13,有限会社プラム
近藤 晶子,大阪府泉南市男里2-2-10コスモ408,
山下 紀子,北海道札幌市豊平区平岸三条3-3-17,
藤井 誠也,広島県広島市南区大州3-1-7,
関根 幸子,神奈川県横浜市中区尾上町1-3-22トーカンマンション403,株式会社山口商店
岡本 浩之,福岡県糟屋郡粕屋町花ヶ浦4-1-8,
岡田 健太郎,愛知県名古屋市中村区稲葉地町2-2-3,株式会社ジャスト
上原 理恵,埼玉県川口市本町3-1-1001,
西原 敏幸,東京都練馬区下石神井2-2-11プレサンスロジェ410,
山崎 健二,神奈川県横須賀市久里浜3-4-8,
保谷 千絵美,大阪府茨木市駅前2-1-8,
町田 恵,神奈川県横浜市鶴見区栄町通3-3-5,
榊原 亜希子,東京都港区赤坂1-3-601,
大澤 淳美,東京都港区虎ノ門3-5-19,
吉田 和宏,宮城県仙台市宮城野区萩野町1-1-4,
園部 京子,和歌山県和歌山市美園町3-1-14,
澤田 治久,東京都世田谷区千歳台3-1-16,
増村 雅隆,東京都港区虎ノ門3-2-7,
川村 麻耶,東京都港区赤坂1-1-8グランドマンション702,
關 俊文,東京都府中市浅間町3-4-1006,
池田 由紀子,宮城県栗原市築館薬師1-1-4,株式会社ネクサス
成田 晃一,東京都品川区旗の台3-2-108ユニハイム504,
森岡 まり子,東京都港区高輪2-2-4ヴィラン809,
南 和彦,東京都国分寺市西町1-4-301,合同会社ＡＰＳ
古澤 昭彦,埼玉県川口市中青木3-5-8,
長井 昌彦,東京都港区赤坂4-2-7,
青木 ゆみこ,兵庫県神戸市須磨区衣掛町3-2-507,合資会社小野工務店
石川 司,東京都豊島区池袋3-1-9,
石川 聡子,愛知県名古屋市中村区名駅3-2-4,
石川 太郎,埼玉県鴻巣市大間2-4-16,合資会社ビル中村屋
松井 良浩,東京都豊島区東池袋3-2-5,
新藤 令子,東京都江戸川区一之江3-5-1006,
三浦 和哉,兵庫県神戸市須磨区衣掛町3-2-507,合名会社中屋呉服店
武藤 尭,東京都杉並区荻窪1-1-5,
中久保 文恵,東京都葛飾区南水元1-2-17,
平田 茂樹,東京都立川市栄町3-1-10,
猪股 信宏,愛媛県今治市小泉3-1-5,有限会社パステル
平林 雄哉,北海道室蘭市港北町4-2-5ドルミ114,合名会社勢津商会
有賀 奈美,東京都大田区西蒲田3-2-7アーバンビュー409,株式会社アスリート
藤井 章子,東京都渋谷区恵比寿3-4-4,
谷口 博,東京都世田谷区上用賀2-3-4,
石原 記子,東京都文京区本駒込2-1-8,
田中 あゆみ,東京都世田谷区上馬1-1-13,合名会社ネッツコーポレーション
菅野 さゆり,東京都墨田区亀沢2-2-4,
大崎 純,東京都新宿区西新宿3-4-13,有限会社タナカ
伴野 愛,茨城県つくば市春日1-1-10,株式会社フォルテ
白川 成也,静岡県静岡市駿河区曲金4-3-7,
棚町 敏雄,愛知県名古屋市北区上飯田東町2-3-10,株式会社ケイツー
野坂 朋子,東京都千代田区九段北1-3-14,有限会社佐藤商事
原田 淳美,福井県福井市文京2-1-10,
石毛 澄子,東京都足立区島根3-1-3,
飯塚 千穂,徳島県徳島市南昭和町1-1-14,
鳥居 順子,兵庫県川西市緑台3-2-6,
内藤 毅,東京都荒川区東日暮里1-2-22,グリーンエコ合同会社
赤津 明子,東京都世田谷区駒沢2-2-4,合資会社池田美粧堂
石原 良美,神奈川県横浜市西区みなとみらい3-2-9,
平川 大輔,愛知県名古屋市中区大須2-5-6,
赤川 暁子,東京都世田谷区上祖師谷4-3-6,株式会社プレジャー
宮島 秀徳,千葉県船橋市芝山4-2-4シンプルライフ314,来栖美商有限会社
外間 耕平,沖縄県浦添市城間3-1-11パークスクエア507,
長谷川 真帆,広島県広島市西区楠木町3-1-5,
岩井 まり,兵庫県西宮市上甲子園1-4-10,
田中 光則,愛知県豊田市東新町1-4-18,
古賀 友洋,東京都東村山市多摩湖町3-2-4,
大石 夕子,千葉県船橋市前原西3-5-17,有限会社ネットワーク
山下 美和,東京都練馬区南大泉4-3-5プレサンスロジェ809,
池田 正史,静岡県藤枝市藤枝1-2-10グランピア610,
安藤 大和,兵庫県三田市ゆりのき台2-3-9,
中澤 裕介,埼玉県越谷市蒲生3-5-10,合同会社上野自動車工業
高崎 逸美,大阪府茨木市東太田2-2-14,
川平 恵介,東京都品川区中延2-2-603,株式会社トレジャー
塩谷 正行,埼玉県川口市西川口3-1-6,
水野 竜太,北海道札幌市清田区北野五条3-3-20シャンティ112,
岩崎 弘幸,兵庫県神戸市須磨区衣掛町3-2-507,
和田 勝彦,東京都世田谷区千歳台3-1-16,
薮田 きみこ,大阪府吹田市岸部北3-2-5,
高杉 愛,東京都多摩市諏訪1-1-9,合名会社丸治皮革工業所
斉藤 貴美子,東京都小金井市本町3-3-6パークコート702,合資会社秀香園
伊藤 敦,東京都台東区東上野2-4-21,
浪岡 繁,愛知県春日井市鳥居松町3-4-18,
加茂 芳和,広島県広島市佐伯区五月が丘4-3-4,
荒木 智絵,東京都足立区一ツ家1-2-4,株式会社Roots
戸崎 真久,青森県青森市蛍沢1-5-8,合同会社自然素材・木の家
三重野 哲朗,愛知県名古屋市中区栄3-1-14,
白川 正弘,北海道札幌市中央区北四条西3-2-9プレジデント814,
高木 真,東京都墨田区石原2-3-15,
奥田 秀敏,大阪府大阪市鶴見区今津北3-3-801,合名会社富田商会
久保木 紗織,愛知県津島市西柳原町1-3-7,
竹内 聡司,愛知県名古屋市東区白壁3-1-7,
伊藤 博光,東京都港区六本木2-2-12,
吉田 正宗,大阪府東大阪市長田中3-1-207ニューライフ410,合同会社ＲＩＳＥ
田中 淳子,神奈川県鎌倉市七里ガ浜東2-1-6,
北村 菜摘,東京都文京区湯島3-5-905,
山田 裕大,兵庫県神戸市東灘区北青木2-1-5,株式会社秀和
飯田 祐美子,愛知県名古屋市千種区東山通2-1-8,
上島 理恵,東京都江東区森下3-5-5,株式会社センス
和田 直輝,長崎県佐世保市瀬戸越4-1-9,株式会社アペックス
松本 光子,埼玉県さいたま市見沼区東大宮1-4-21,合名会社竹之内商店
福井 隼平,東京都世田谷区北烏山2-2-4パークハイツ611,株式会社セカンドステージ
関根 恵子,東京都足立区鹿浜2-5-12,有限会社ドルフィン
佐藤 千尋,福岡県福岡市東区青葉3-2-3,合同会社ロングライフサービス
田中 早苗,東京都港区赤坂2-3-10,
大竹 明広,福井県福井市大宮1-5-502,
西山 亮輔,三重県鈴鹿市庄野羽山1-3-609,
山田 智子,愛知県海部郡飛島村大字服岡2-3-4パレロワイヤル103,有限会社共栄商事
播本 恭子,愛知県名古屋市緑区桃山3-2-16,合同会社横田工業
若竹 めぐみ,石川県白山市みずほ1-2-1001スカイハイツ314,株式会社アイコーポレーション
金山 えりか,愛知県稲沢市国府宮3-5-307ライフフィールド304,
川口 香,神奈川県鎌倉市雪ノ下1-1-13,
藤澤 智,新潟県新潟市北区川西4-3-10ローレルハイツ811,
森山 裕之,大阪府大阪市生野区巽東3-3-5,
剣持 緑,大阪府大阪市東淀川区西淡路1-5-14,
大江 智子,東京都品川区南大井3-2-908,株式会社ベーシック
大城 春佳,山梨県甲府市徳行2-5-4レオ615,
松本 陽,東京都中央区銀座1-3-3レックスガーデン815,株式会社ウイング
熊谷 千佳,東京都北区東十条3-2-15,
清水 功,北海道帯広市西二十三条南2-1-3,
伊原 直樹,東京都世田谷区代田1-3-1202,
牟田 真琴,大阪府大阪市西淀川区大和田2-2-501,
米倉 泰大,東京都東大和市立野1-2-5,有限会社近藤商店
高橋 周,東京都港区芝2-3-8,合同会社ＳＴＣコンシューマプロダクツ
平良 圭祐,埼玉県さいたま市大宮区桜木町3-3-16,
渡邉 友介,千葉県船橋市東船橋2-5-14,
伊藤 千恵,東京都昭島市緑町2-2-8リッツ312,合同会社ラポ
北林 治,東京都北区王子1-2-12,
荒木 宏昭,東京都練馬区氷川台1-2-10,合名会社武藏屋本店
清水 正文,北海道帯広市西十五条南2-4-21,
内海 ゆう子,福岡県北九州市小倉南区葛原東2-1-7,
石井 昌子,東京都文京区大塚3-1-8,合資会社益川電気工業所
平 愛,東京都江戸川区春江町3-3-9,
荻野 卓巳,東京都小金井市本町3-3-6,
馬場 雄一郎,新潟県新潟市中央区山二ツ2-5-11,
古田 恵介,大阪府大阪市旭区新森2-4-5,株式会社トラスト
田崎 明彦,東京都中央区日本橋本石町2-5-1201,
尾山 美穂,東京都練馬区関町北4-3-4,
工藤 博,大阪府吹田市岸部中2-5-802,
杉野 孝宏,石川県金沢市泉本町2-3-305,
大塚 靖,兵庫県尼崎市塚口町4-2-3,
清藤 健二,茨城県日立市東町1-1-305,
山田 浩,愛知県春日井市稲口町2-3-5,
佐藤 舞,東京都江東区豊洲1-2-3,
柴田 祐,北海道札幌市豊平区月寒東三条2-1-10,合資会社なかや食料品店
花輪 岳志,埼玉県新座市池田1-3-4,
小山 由美子,宮城県仙台市太白区西多賀3-1-909ラフォーレ102,株式会社サンテック
宮川 博志,大阪府大阪市北区西天満3-2-5,
林 絢子,北海道札幌市白石区北郷二条3-4-1207,有限会社藤井商店
山本 毅,京都府京田辺市松井ケ丘4-1-8,佐伯杦木合名会社
梶 秀康,北海道札幌市北区北二十九条西3-3-8,株式会社日商
濱 卓,北海道函館市本通3-1-505,
笹川 真紀,滋賀県大津市関津1-3-8ルネ814,株式会社佐々木工業
一木 由香里,東京都港区六本木1-5-408,
横野 知子,神奈川県茅ヶ崎市南湖1-4-306,株式会社和
鹿内 浩次,神奈川県川崎市中原区宮内1-2-9,
中村 慈,東京都立川市砂川町1-2-15デュオ309,合名会社韓国民団会館
山田 留美子,大阪府大阪市北区西天満1-5-5,小林自動車有限会社
後藤 毅彦,東京都練馬区谷原2-4-1203,
松崎 守,埼玉県さいたま市北区宮原町2-1-8ブリリア409,
高橋 春菜,東京都港区南青山2-2-207,有限会社サンフーズ
豊田 泰樹,大阪府豊中市東豊中町2-2-10,株式会社スペック
斉藤 明香,東京都東村山市野口町1-4-12,有限会社アライブ
河合 一幸,神奈川県大和市中央林間1-3-8,
阿曽 由佳,神奈川県横浜市金沢区富岡西2-4-8,
小梶 康幸,広島県呉市阿賀南1-1-14,
橋本 正樹,千葉県市川市大野町3-1-7,
村川 健次,東京都江東区東陽2-5-13,有限会社コトブキ
藤田 遊,東京都豊島区南池袋4-3-6リーガル104,
平松 大輔,福岡県北九州市小倉北区木町3-1-20,
石垣 裕人,東京都中野区中野4-3-10,
西江 瑶子,東京都練馬区大泉学園町2-1-4,合資会社オリジナルクリエーション
三木 佳奈子,東京都豊島区東池袋2-2-6シャリエ215,
塚田 桃子,千葉県千葉市中央区蘇我3-2-7,
滝本 貴子,大阪府大阪市東成区大今里南1-5-17,
比留間 茂,埼玉県入間市久保稲荷4-2-3ルミエール615,
井手 林檎,埼玉県さいたま市岩槻区府内3-2-10,
上田 あゆみ,愛知県東海市中ノ池1-4-109ジ・アーバネックス313,
矢田部 紗希,北海道旭川市末広東一条1-2-4,村越建築板金有限会社
出野 光太郎,大阪府東大阪市長田東1-1-9,
鈴木 吉弘,福岡県糟屋郡新宮町夜臼2-3-13,合名会社大森商店
山下 宏美,東京都大田区蒲田2-1-1207,アドバンステージ合同会社
久保田 力,愛媛県四国中央市三島中央1-3-3,有限会社ノムラ
村田 泰子,北海道滝川市本町3-4-1007,
若林 麻衣子,秋田県秋田市土崎港中央3-1-3,
渡辺 章男,神奈川県横浜市鶴見区向井町2-3-4,合名会社田中商会
元木 芳孝,埼玉県志木市下宗岡4-3-5ロイヤルアーク511,株式会社ニーズ
坂本 美紀,東京都江戸川区松江1-1-10,
原 良二,愛知県名古屋市中区正木2-1-6,
座間 明美,長崎県長崎市田上2-5-15,合資会社ビル中村屋
本橋 等,大阪府大阪市東淀川区西淡路1-5-14,
中村 優樹,東京都港区虎ノ門2-2-18,株式会社ユウシン
澤村 和樹,埼玉県ふじみ野市ふじみ野2-3-901,
山下 雄二,埼玉県さいたま市岩槻区本丸2-3-5,有限会社石川
吉田 希,和歌山県和歌山市本町1-1-5,
大塚 泰道,愛知県高浜市論地町4-3-3,
安富 崇,石川県金沢市増泉2-1-7,
上田 真希,東京都練馬区中村北2-4-19,株式会社飛鳥
加藤 美菜子,東京都江東区東陽1-1-14,有限会社大翔
谷川 明洋,東京都足立区花畑2-2-18,株式会社伊藤工業
谷田 舞,福井県福井市松本1-3-11リッチライフ407,株式会社三和商会
益田 愛子,神奈川県茅ヶ崎市東海岸南1-1-4,合資会社川島屋商店
宮部 隆,東京都品川区東品川2-5-206サンヴェール201,合同会社王氏商会
吉岡 歩,埼玉県春日部市豊町2-4-604,株式会社ユーアイ
池田 裕貴,大阪府大阪市中央区内久宝寺町1-1-8,
北林 裕介,佐賀県佐賀市神野西3-1-5,来栖美商有限会社
内田 由夏,東京都葛飾区白鳥2-2-8,株式会社JAM
川島 正人,福岡県宗像市自由ヶ丘3-2-3,
金田 恵子,福岡県春日市下白水南1-3-5,株式会社シーテック
村田 純子,滋賀県大津市大江3-5-10ヒューマンズ709,
森泉 美智,東京都町田市東玉川学園2-3-8,
柴田 学,神奈川県横浜市栄区笠間4-1-9,宮原瓦工業有限会社
甲斐 詩織,北海道札幌市北区新川西一条3-3-22リッチライフ411,
野村 舞衣子,神奈川県横浜市青葉区美しが丘3-2-5,
三浦 富士夫,大阪府箕面市粟生新家1-4-907,
衛藤 千智,埼玉県朝霞市膝折町1-4-22シーアイハイツ304,尾鷲印刷合資会社
須田 雅美,東京都新宿区北新宿1-3-5エバーグリーン113,
安 春美,愛知県一宮市本町2-4-4,
小島 大樹,兵庫県神戸市中央区北長狭通2-1-16シャルマンコーポ113,田中建設株式会社
伊藤 恭典,兵庫県神戸市中央区山本通1-2-4メイツ407,
松田 智章,東京都江戸川区東葛西1-1-8,
堤 良成,千葉県習志野市東習志野2-4-102グランドメゾン815,
竹山 拓也,埼玉県鴻巣市松原1-2-9コーポラス313,合名会社日建工業所
山下 啓之,京都府長岡京市開田1-1-8,
新田 真世,東京都中央区銀座1-4-1202,三鳥木材産業合資会社
萩野 英明,大阪府箕面市粟生新家3-4-7,
長澤 崇,広島県広島市南区大州2-3-12,株式会社レオ
増田 梨香,東京都港区南青山1-2-14パインフィールド506,
森 孝枝,東京都港区西麻布2-2-1104,有限会社スギモト
高崎 早弥香,大阪府大阪市中央区高麗橋4-2-3,株式会社センチュリー
飯塚 敬,大阪府泉佐野市中町2-3-701,株式会社マルコ
岡 一美,神奈川県相模原市中央区富士見3-2-18,
戸崎 一郎,福岡県北九州市八幡西区三ケ森1-5-4,
酒井 菜美,千葉県柏市東中新宿2-2-6,
海老根 泰助,宮城県仙台市宮城野区福田町4-3-10ヨークベル604,
永吉 茂樹,岐阜県岐阜市都通3-1-7,株式会社ペガサス
清水 玲子,東京都三鷹市上連雀2-3-17,有限会社マツヤ
新見 貴久,大阪府大阪市中央区久太郎町1-5-17,
山本 修平,東京都杉並区和泉4-2-5,株式会社ノムラ
川岸 可奈子,神奈川県横浜市緑区霧が丘3-2-15,
佐藤 亮,大阪府大阪市中央区南船場2-2-1003,
相羽 宏美,埼玉県さいたま市緑区美園3-1-4,株式会社たんぽぽ
船井 裕子,大阪府大阪市生野区鶴橋1-1-7デュオヒルズ107,
木下 大介,滋賀県大津市坂本2-3-6,有限会社酒井商店
高橋 真由美,神奈川県平塚市田村2-4-22,
三浦 早苗,宮城県仙台市宮城野区榴岡3-2-21,合名会社若野屋呉服店
竹内 由佳子,北海道札幌市西区八軒二条東1-3-402,
中野 伸一,茨城県稲敷郡阿見町中央2-4-409,有限会社マルイ
清水 敦夫,千葉県市川市市川3-1-509,
黒柳 範子,東京都新宿区高田馬場2-1-1204,
荒木 亮,東京都台東区浅草橋4-1-4サンフォーレ805,
本田 ゆき,東京都豊島区長崎4-2-3,
加藤 真也,山口県光市室積4-3-5,
大津 伸久,東京都足立区千住3-5-11,合同会社スロウハート
笈川 渚,大阪府大阪市北区天満4-3-8ドルチェヴィータ304,
玉木 良介,鹿児島県鹿児島市田上4-3-9,
田中 翠,東京都新宿区西新宿1-1-9,荒木茂彦プロモーション合同会社
長澤 優子,大阪府大阪市東成区大今里南1-2-14,
佐川 博紀,神奈川県横浜市中区尾上町2-3-7,
吉原 留美,東京都練馬区豊玉北2-3-12キューブ713,
河嶋 茂,東京都練馬区関町北4-3-4,
宮原 康史,千葉県松戸市常盤平2-4-7,
内山 光昭,北海道札幌市北区新琴似六条2-5-9,
木村 瞳,大阪府東大阪市善根寺町1-2-20,
中澤 吉則,北海道石狩市花川南十条3-3-5,合資会社草間電機商会
石原 静江,神奈川県茅ヶ崎市浜竹2-2-606,株式会社パレット
高橋 麻衣,東京都港区虎ノ門3-3-19,エスエイオリジナル有限会社
大森 友樹,東京都江戸川区松島2-3-18,有限会社ヨシノ
西川 孝明,東京都大田区蒲田3-4-7,
糸賀 亙,北海道室蘭市宮の森町3-3-3,
野村 裕子,東京都千代田区外神田2-2-7,
星 智世,東京都世田谷区粕谷3-2-404,
荒川 睦,三重県鈴鹿市住吉3-2-4ハイツ112,有限会社ラポール
奥村 哲也,大阪府大阪市中央区高麗橋1-2-19キューブ507,有限会社栄商事
中谷 研一,兵庫県姫路市広畑区正門通1-5-4,株式会社グロース
丸茂 恵子,東京都渋谷区代々木1-1-15,
井原 貴之,大阪府大阪市東住吉区杭全1-4-20,
岩間 和寛,広島県福山市引野町北3-2-3,合同会社王氏商会
西川 香名子,愛知県名古屋市昭和区鶴舞3-3-10,合名会社大森精米所
畑中 寛之,東京都世田谷区奥沢1-2-7,株式会社楓
田中 剛司,東京都台東区東上野2-1-7,
大野 寛久,東京都新宿区高田馬場3-3-5,
寺田 優子,東京都足立区中川1-3-1109レアルグランデ604,ＣＯＣＯ
遠藤 道也,兵庫県神戸市中央区国香通1-1-9ワコーレ202,
岡崎 裕之,東京都府中市浅間町1-1-14,有限会社岡本
神村 浩一,東京都港区芝浦1-3-4シャルマンフジ816,
加藤 美佳,東京都板橋区小豆沢3-3-10,
佐野 八重子,東京都世田谷区用賀2-2-9,
芳賀 耕平,愛知県日進市栄2-5-11,合同会社ツインベル
小野寺 知之,東京都目黒区上目黒4-1-4,
山下 享,福岡県福岡市西区下山門2-2-22,有限会社アミューズ
澤田 信,茨城県取手市駒場1-4-3,
中川 慎太朗,東京都荒川区東日暮里2-4-19,
山本 賢,東京都中央区銀座3-2-8プレジデント607,合名会社大森商店
新井 貴幸,埼玉県さいたま市南区太田窪1-5-8,株式会社大豊
遠藤 瑠美,茨城県つくばみらい市富士見ヶ丘2-2-6,
三宅 弘人,北海道旭川市旭神三条3-1-8パークプラザ415,有限会社みどりや
南 祐里,埼玉県入間市久保稲荷3-1-12ロイヤルグラン511,
岩崎 奈緒美,兵庫県神戸市灘区記田町1-5-5,
橋本 隆,兵庫県尼崎市東難波町1-2-9,株式会社ASK
井上 憲之,神奈川県相模原市中央区上溝2-3-5,有限会社アイリス
保科 ゆき,東京都杉並区荻窪3-2-10,
根岸 裕子,北海道旭川市末広一条2-4-10,有限会社フルハウス
稲川 祐一,千葉県船橋市金杉2-1-3,有限会社プラス・ワン
石上 愛子,大阪府八尾市老原1-4-7,
小澤 広紀,滋賀県栗東市手原3-1-5,有限会社ウエダ
田口 春子,東京都中央区日本橋本石町3-3-11パレロワイヤル711,
宮永 直,神奈川県横浜市鶴見区鶴見中央3-1-8セントポリア614,
坪井 聖二,茨城県守谷市松前台1-2-22,合同会社タスクプラス
津田 達哉,兵庫県神戸市西区枝吉2-1-15,
馬込 由美,北海道札幌市北区北九条西2-2-6パストラル515,
田崎 英之,宮城県栗原市築館薬師2-2-3,
黒岩 真理,埼玉県所沢市中新井3-4-13エスト108,
山岡 一郎,東京都品川区大井3-4-7,
長谷川 知,千葉県千葉市花見川区幕張町2-5-305,アシストワークス合同会社
山口 栄子,東京都世田谷区南烏山4-1-3ルイシャトレ416,
宮田 元,東京都江東区東砂3-3-4,
吉田 章一,兵庫県神戸市中央区磯辺通3-3-10サンワプラザ810,株式会社シミズ
赤池 雄希,東京都品川区二葉1-5-1004スターハイツ114,
武 晃子,東京都渋谷区神宮前3-4-22,有限会社トライ
吉村 恵,青森県弘前市大字石渡3-3-3,
川口 玲子,神奈川県藤沢市鵠沼神明3-3-3,
栗城 桜,広島県広島市東区戸坂大上2-5-12,
眞田 香苗,宮城県仙台市泉区将監4-2-6,株式会社丸三
椿 将彦,埼玉県さいたま市岩槻区上野2-3-10,株式会社グランドライン
飯島 瑞樹,愛知県瀬戸市陶原町1-3-10,
尾澤 武司,東京都千代田区九段北3-5-803,株式会社サンケイ
笠間 聡,東京都杉並区西荻南1-5-15,
安田 めぐみ,神奈川県川崎市多摩区三田1-3-904,茨城水産合資会社
高田 理恵,徳島県徳島市西船場町3-1-9,株式会社明成
住吉 雄太,東京都昭島市緑町3-4-6,
萱原 夏帆,東京都渋谷区千駄ヶ谷1-5-3,
宮島 大輔,宮城県仙台市太白区郡山2-5-20,
坂本 広和,新潟県上越市北本町3-5-16パークコート304,
鈴木 直人,東京都目黒区碑文谷2-2-4カルム702,
友重 裕,埼玉県幸手市東1-1-15,
浜本 洋,熊本県熊本市中央区新町2-1-11,有限会社菊屋
立石 真梨子,埼玉県さいたま市岩槻区城南3-1-6ハイツオークラ604,
古井 大雄,大阪府藤井寺市道明寺3-4-13サニークレスト805,有限会社創研
森 崇典,兵庫県神戸市中央区海岸通2-2-3ビューハイツ513,株式会社リアライズ
新谷 浩司,東京都練馬区桜台1-5-1101,有限会社カタヤマ
前田 尚弘,北海道苫小牧市明野新町1-4-18,
山下 葉子,広島県広島市安佐南区伴東1-2-402,
南 達也,東京都江戸川区西瑞江3-3-406,
西本 崇,岩手県北上市常盤台4-1-7,株式会社井上工業
吉田 優子,神奈川県横浜市中区尾上町2-3-7リッツ416,
武井 昌克,兵庫県神戸市兵庫区荒田町2-2-13,株式会社清水
柳瀬 繁,千葉県成田市公津の杜3-1-6,
吉田 亜友美,神奈川県横浜市鶴見区下野谷町4-2-7,
蛯名 勝,東京都世田谷区上北沢1-2-22,
藤井 知也,千葉県野田市みずき2-5-7,株式会社いずみ
神山 明子,神奈川県横浜市緑区霧が丘2-3-1109,
高橋 智美,東京都板橋区徳丸1-4-10,
君塚 和貴,東京都葛飾区新宿1-5-21,
石川 英輝,神奈川県川崎市麻生区金程2-3-1001,
中村 奈緒子,大阪府大阪市旭区赤川3-3-20,
古谷 栄一,鹿児島県鹿屋市西原2-1-10,株式会社LOOP
廣川 俊介,神奈川県小田原市城山3-5-803,
堀 慎一郎,兵庫県西宮市浜甲子園2-2-7,
小山 明子,東京都葛飾区堀切3-2-15,
高井 文,東京都文京区白山3-1-9,株式会社マルセイ
玉井 康生,広島県福山市南手城町2-5-11ヴィラ510,株式会社リック
荒木 拓己,東京都世田谷区桜上水3-2-9,株式会社ツインズ
伊藤 泰彦,埼玉県川口市南鳩ヶ谷1-4-12,つるや商事有限会社
飯干 千鶴,大阪府大阪市淀川区東三国4-1-4,
山田 隼,宮城県仙台市若林区上飯田4-3-6,東陽観光企業合名会社
宮本 愛美,愛知県名古屋市中川区山王3-3-8クラウンハイム712,有限会社阿部製作所
西村 俊司,埼玉県狭山市中央3-2-4,
川口 未来,千葉県市川市平田1-3-22エバーグリーン403,
高峰 雅義,東京都練馬区氷川台3-4-401,合資会社井筒屋書店
鯨井 侑子,愛知県豊田市東山町3-1-16,株式会社誠和
櫻井 遼介,神奈川県横浜市港北区綱島西2-1-11,株式会社マツイ
井出 英幸,東京都豊島区東池袋3-2-4,
内藤 一成,東京都港区虎ノ門3-2-15,
高橋 剛,大阪府吹田市千里山東1-5-9,
中沢 健,新潟県新潟市江南区曙町3-2-16,合資会社越後屋商店
篠原 靖,静岡県沼津市大手町3-5-12,
富澤 京子,沖縄県糸満市西崎町3-2-9,有限会社中央商事
橋爪 雄太,愛媛県宇和島市朝日町4-2-10,
村上 佑子,岐阜県大垣市上面2-1-10,株式会社ナガイ
森島 ゆき,東京都港区港南3-1-5,
川合 昌子,東京都多摩市愛宕3-2-5,
田久保 舞,大阪府大阪市東淀川区西淡路2-5-8,有限会社光商事
高瀬 高明,北海道札幌市南区真駒内柏丘4-1-4,大勝住設有限会社
宮崎 憲之,東京都新宿区北新宿2-2-3,有限会社山崎製作所
野尻 昌也,福岡県福岡市中央区薬院1-5-506,合名会社小泉精米所
美馬 修司,大阪府大阪市東淀川区西淡路3-1-9コボリクラスタ715,株式会社ワンズ
前原 英之,北海道小樽市桜1-3-6,有限会社大塚工業
松川 裕美子,東京都三鷹市牟礼1-5-702,
井上 浩平,愛媛県松山市湊町3-1-6,
江崎 惠子,佐賀県佐賀市神野東2-2-6,有限会社フジ
楫野 類,東京都豊島区長崎3-3-5,合同会社アキ
長谷川 健太郎,東京都調布市布田1-1-5,株式会社東建
北村 真史,大阪府大阪市西区南堀江3-1-19ユニライフ605,
白石 弓子,愛知県岡崎市上六名3-1-10,リエスフォティア合同会社
山下 侑,兵庫県神戸市垂水区星陵台1-2-6,合同会社ロデオ教材社
相原 幸雄,北海道小樽市新光3-3-5,合名会社澤井嘉蔵商店
原田 美衣,千葉県船橋市本町1-5-3,有限会社エムケイ企画
北中 千津子,岡山県倉敷市児島駅前1-3-10,有限会社シバタ
青山 孝明,福岡県春日市春日原北町1-2-9チサンマンション406,株式会社松商
藤本 均,大阪府豊中市庄内幸町3-3-10,有限会社清水工務店
飯島 健太郎,大阪府大阪市旭区赤川3-3-20,株式会社サカモト
木下 直哉,福井県坂井市三国町安島3-3-4オリーブハイツ601,株式会社ヨシカワ
荒生 泉,東京都渋谷区神宮前3-1-10,株式会社ユニバース
原田 秀徳,埼玉県川越市新宿町1-5-16,
萩谷 寛幸,福岡県福岡市城南区片江1-3-4,有限会社大和商事
中村 千代子,東京都品川区大崎2-5-13,
前田 義明,愛知県豊川市中央通1-5-17,
沢辺 崇行,東京都台東区千束3-5-9,株式会社アゲイン
土屋 みわ,千葉県我孫子市青山台4-3-5,
尾辻 大輔,東京都杉並区高円寺南3-2-21,
原田 洋子,東京都新宿区新宿2-4-14,
松本 蘭,東京都足立区花畑2-2-19オーケーズ511,
山田 誠,秋田県秋田市御所野地蔵田2-5-22セントポリア110,
吉田 麻衣,鹿児島県鹿児島市宇宿2-5-17,株式会社ステップ
児玉 誠一,山口県岩国市今津町2-2-901,パラトライブ合同会社
三浦 和寛,広島県広島市佐伯区八幡1-3-4シャルマンコーポ115,株式会社アムール
佐藤 修,東京都杉並区和泉4-3-7,
戸村 政徳,埼玉県深谷市西島1-4-11,
江口 俊也,静岡県浜松市中区高丘北2-3-22アールヴェール501,有限会社大樹
嶺 真也,大阪府交野市私部南3-1-3,
深堀 康幸,群馬県前橋市日吉町2-2-6コムーネ703,合同会社ブルーフェアリー
渡邊 昌,福井県福井市運動公園3-4-16,
木下 慎吾,富山県富山市蓮町3-2-9,
高井 宏之,神奈川県横浜市鶴見区鶴見中央3-5-22,有限会社友和
安立 絵理香,愛知県海部郡飛島村元起4-2-6,
杉原 昭博,東京都杉並区高円寺南1-3-18,株式会社ACE
峯尾 裕一,東京都板橋区常盤台4-1-9,合資会社丸長青果市場
菊池 哲,北海道岩見沢市一条東1-2-10,合資会社井筒屋書店
高橋 薫,東京都千代田区麹町2-5-8,
山口 翔,神奈川県川崎市川崎区塩浜1-3-9リーガル212,
金井 博子,東京都千代田区神田駿河台4-2-5リッチライフ508,有限会社スカイ
前田 ひろき,兵庫県西宮市甲子園口1-3-7,協和工業株式会社
神田 裕介,東京都葛飾区新宿1-3-6,合同会社Ｔｏｍ
坂本 奈々,大阪府豊中市桜の町3-5-15,エーエルピー合資会社
永岡 智和,東京都新宿区下落合1-5-4,
藤原 雅美,東京都世田谷区経堂4-2-10,新和産業株式会社
丸山 勝己,東京都練馬区向山1-1-102,
不破 佳子,福岡県北九州市八幡西区木屋瀬3-1-3,有限会社ソレイユ
太田 翔太郎,東京都世田谷区上野毛2-3-903ルネ511,
小高 智昭,神奈川県横浜市南区通町2-3-4,
大坪 正浩,北海道千歳市桂木1-2-3,
宮川 明子,大阪府大阪市平野区長吉六反3-2-307,エステック株式会社
飯塚 文人,東京都渋谷区恵比寿2-1-13,
有吉 弘毅,愛知県名古屋市守山区大森3-3-5,
大橋 みか,東京都中央区銀座1-5-1009,
小木 晃三,栃木県宇都宮市塙田1-3-8ベルク204,
大森 修一,兵庫県尼崎市水堂町3-5-903ロイヤルメゾン307,株式会社松本
山田 麻美,東京都千代田区九段北1-2-8ディオフェルティ604,
鈴木 亜沙美,東京都立川市柏町4-2-7,有限会社たちばな
佐藤 さやか,大阪府大阪市阿倍野区王子町1-2-10,
佐藤 かおる,福岡県福岡市中央区薬院3-4-13,
加藤 英伸,大阪府八尾市宮町2-2-5,株式会社ARK
豊田 潤,大阪府大阪市北区中之島1-1-1007メロディーハイム804,株式会社プロス
伊藤 一平,東京都墨田区八広3-3-7ガーデンハイツ316,
北村 駿介,広島県三原市宮浦1-1-808,
松井 智子,愛知県名古屋市北区楠3-2-6,土田産業有限会社
村上 大,神奈川県横浜市中区太田町1-5-8,株式会社フォース
竹村 徹哉,愛知県刈谷市松坂町2-2-10,
阿部 貴史,東京都大田区西糀谷3-1-9,
鈴木 和宏,大阪府大阪市淀川区宮原1-4-304イトーピア307,有限会社リンクス
西山 大雅,福岡県行橋市行事1-1-9グリーンエクセル313,
大島 陽介,東京都葛飾区立石1-2-11,
青木 貴大,東京都大田区大森北1-1-5,
浜野 祐子,東京都杉並区和泉1-2-14ビューネ312,
石渡 まゆこ,東京都武蔵野市吉祥寺本町2-1-302オーケーズ416,
岩本 恵子,東京都江東区大島1-3-14,株式会社アップ
田中 健一郎,東京都江東区豊洲3-1-8,
新島 洋介,大分県大分市緑が丘2-1-6,
谷 昌之,愛知県名古屋市中川区花塚町1-2-18,有限会社グロース
福永 正雄,東京都渋谷区恵比寿2-5-408,合同会社ＡＩ進学ゼミナールひたちなか
村山 亮平,埼玉県熊谷市銀座1-1-3,株式会社日興
林田 菜穂子,東京都千代田区麹町3-2-17,有限会社ビジネスサポート
岡野 友行,埼玉県和光市下新倉3-2-5,株式会社ミヤタ
安藤 佳恵,大阪府大阪市北区西天満3-4-14イニシア206,
古賀 桃,東京都立川市栄町1-2-16,株式会社サンケイ
内田 達也,長野県松本市渚3-5-16,
鈴木 善規,山口県岩国市今津町2-2-901,
山崎 翔,東京都港区南麻布2-5-19,
杉山 直子,茨城県土浦市桜町2-2-7,第一建設有限会社
斎藤 貴史,兵庫県洲本市栄町4-1-3,エネルギーサポート合同会社
清水 諒,京都府京都市伏見区京町3-3-7,
伊藤 恵一,福岡県福岡市中央区天神3-3-8,合資会社寳島商店
寺尾 修司,神奈川県横浜市青葉区あざみ野3-2-9,
吉村 勝俊,愛媛県今治市郷新屋敷町2-1-6,有限会社石井工業
服部 綾子,東京都大田区上池台2-2-13,
唐澤 賢治,大阪府大阪市淀川区木川東1-3-9,
太田 美和子,東京都品川区南品川1-2-6,有限会社ネクスト
竹内 しおり,兵庫県神戸市中央区雲井通2-4-11,合同会社あすなろ
次田 直樹,東京都練馬区氷川台2-3-5,
南 大輔,神奈川県大和市中央林間3-1-5グランブルー807,
伊藤 麻由子,東京都世田谷区上馬1-2-4,
吉田 一志,埼玉県川口市元郷1-3-6,有限会社西村商店
矢野 亮介,神奈川県横須賀市不入斗町2-4-6,合同会社しるし
今井 圭治,大阪府大阪市北区西天満2-2-10,合名会社中西工房
山口 百合,福岡県行橋市行事1-1-9,伊勢水道サービスセンター有限会社
柴田 基嗣,大阪府河内長野市清見台1-1-21,
神崎 翔子,大阪府吹田市千里山西2-5-21,
長井 貴志,東京都港区港南3-1-9,共栄建設株式会社
大森 信一,兵庫県西宮市国見台3-4-18,株式会社OHANA
白須 絢也,千葉県市川市田尻3-2-6,
小林 真里,広島県呉市中通4-3-5,株式会社ムサシ
塚田 隆史,兵庫県姫路市飾磨区上野田2-3-904セイワパレス311,
中村 心,大阪府大阪市北区天満3-4-20ドルチェヴィータ205,
高田 美奈子,神奈川県横浜市鶴見区鶴見中央1-1-3セラフ709,有限会社みなみ
白木 靖子,大阪府大阪市城東区永田1-2-4,
市川 隆之,熊本県熊本市東区若葉1-5-15アーク805,合同会社プロズ
江頭 和司,秋田県秋田市卸町2-2-3,株式会社マルイチ
相原 亮一,東京都杉並区下高井戸3-4-15サンライズ204,有限会社華
市川 篤,東京都渋谷区代々木3-1-7,
宇田川 剛史,東京都杉並区阿佐谷北3-3-6,株式会社蓮
澤崎 恵子,埼玉県入間市久保稲荷1-4-606,
井口 愛理,東京都世田谷区桜上水1-3-6カサベラ310,
田中 綾子,東京都中野区本町3-1-9,
高橋 邦博,東京都墨田区石原3-1-5,合同会社花あかり
浅野 正吾,北海道札幌市中央区南七条西3-3-14,
上田 大介,東京都杉並区西荻南1-5-15,株式会社イシイ
石橋 明伸,東京都目黒区目黒本町2-3-3,有限会社ツインズ
佐々木 史朗,東京都葛飾区東新小岩3-2-808,
岡崎 剛,東京都練馬区東大泉3-4-17,有限会社松本商店
土屋 拓,神奈川県綾瀬市落合北3-3-7,
南 岳史,福岡県北九州市八幡西区沖田2-2-6,株式会社ハピネス
坂本 清人,兵庫県神戸市北区君影町3-4-10,有限会社ユタカ
藍 智弘,東京都港区赤坂2-2-10,佐藤製材合名会社
田口 千晶,岐阜県大垣市船町4-1-7,
富田 俊幸,広島県三原市幸崎能地2-3-3,
中内 聡,東京都港区虎ノ門1-2-8,
古藤 隆士,千葉県千葉市花見川区こてはし台1-2-13プリオーレ115,
山口 和佳子,大阪府吹田市千里山西2-2-201,合同会社ＢＡＴＯ
吉尾 由貴,東京都豊島区長崎1-2-607,株式会社エムケイ
小林 奈緒子,東京都文京区小石川1-3-9,
樋野 美帆,東京都大田区大森西3-3-14アルス703,
武石 博史,北海道札幌市中央区北二条西1-2-7,
吉田 英樹,東京都中野区中央2-5-1004,
村尾 由衣,山口県光市島田2-3-8,有限会社リープ
石川 嘉章,埼玉県川口市上青木西3-3-18,
長谷川 由紀,東京都港区六本木2-5-8,株式会社長谷川商店
戸田 昌和,東京都豊島区池袋4-2-7,合名会社鯉渕萬衛門商店
香川 恭行,福岡県福岡市城南区東油山4-3-7,
山岸 洋一,東京都中央区八丁堀3-5-8パークハイム615,株式会社ナカジマ
森田 百合子,兵庫県神戸市灘区友田町2-1-1105,有限会社イーグル
志岐 明子,北海道旭川市豊岡四条3-3-9,
工藤 健太郎,東京都文京区本郷4-1-10,
高橋 翔吾,広島県東広島市高屋高美が丘2-1-3,有限会社たかはし
田中 祐介,兵庫県尼崎市東園田町3-5-7,
横田 舞,新潟県新潟市江南区船戸山1-2-8,
鈴木 一,大阪府摂津市東別府2-2-3,
田辺 孝幸,岐阜県岐阜市茜部菱野3-3-10,有限会社光陽
菊地 健一郎,東京都新宿区四谷4-3-9ベルヴィ607,
田沼 隆之,北海道札幌市豊平区福住一条1-4-16,合同会社祥
御船 桃子,東京都練馬区早宮3-4-607,有限会社マキ
伊藤 優,千葉県成田市宗吾2-2-6,
藤原 なおみ,東京都目黒区上目黒3-4-12エステムプラザ704,株式会社スリーアローズ
小町 章人,東京都葛飾区堀切1-4-10,
上野 美加,東京都世田谷区松原2-4-15,合名会社田中商会
田原 真二,広島県広島市西区南観音2-3-10,合資会社オリジナルクリエーション
柴田 裕一,千葉県船橋市前原西3-2-6,
黒田 豊,大阪府大阪市中央区道修町2-1-13,
臼井 友美,北海道札幌市北区北二十八条西3-1-15,合名会社川又薬局
深沢 由梨子,神奈川県横浜市瀬谷区阿久和西1-4-12マークス104,有限会社スマイル
下田 淳平,神奈川県横須賀市坂本町3-2-11,株式会社ルート
馬場 まさし,東京都品川区西五反田2-4-18,
角田 薫,東京都品川区戸越3-2-9,有限会社宮崎商店
松澤 奈美子,群馬県前橋市朝倉町3-1-9メガロコープ709,合名会社長嶋材木店
矢嶋 博,東京都八王子市中野上町2-2-408,
菅家 真人,広島県東広島市高屋高美が丘2-1-3ガーデンハウス411,
山崎 彩乃,広島県広島市東区牛田新町3-3-3,オリーブシステム合同会社
高柳 里奈,埼玉県鴻巣市松原2-3-3,株式会社創建
田村 周平,東京都世田谷区駒沢3-3-8ピアン105,
谷 隆久,埼玉県志木市下宗岡4-3-6アーバンコンフォート603,
木村 浩之,静岡県浜松市中区高丘東3-4-6,
林 裕紀子,東京都江戸川区北葛西2-2-10,
小林 恭平,千葉県船橋市本町2-1-7,
曽根崎 尚子,山口県下関市竹崎町3-3-7,
初鹿 達也,東京都杉並区高円寺南3-3-5,蓮の花コレクション有限会社
多田 美枝子,大阪府大阪市北区西天満1-4-309,株式会社新栄
日笠 幸司,東京都豊島区東池袋2-2-18,
水橋 誠,東京都世田谷区世田谷1-4-14,
立花 和彦,京都府京都市伏見区深草西浦町1-1-8,
高橋 俊文,広島県広島市佐伯区八幡1-3-4レ・ジェイド712,
廣瀬 大司,東京都東大和市向原3-5-5イトーピア103,
若園 万里絵,大阪府交野市倉治4-1-6,有限会社山崎工務店
江口 利恵,静岡県静岡市葵区沓谷1-3-16,
鳴海 真人,大阪府大阪市城東区鴫野西2-1-9,
小田倉 渉,北海道札幌市中央区南八条西1-3-6,
坂口 俊輔,埼玉県朝霞市三原1-1-9,
荒井 圭,埼玉県さいたま市中央区上落合2-5-8プリオーレ108,
田中 大司,千葉県四街道市千代田3-2-1103,株式会社コウエイ
田中 真也,東京都練馬区大泉学園町2-3-4,
中澤 友紀,北海道旭川市五条通2-1-21フォルム601,株式会社SKY
木曽 奈美,東京都杉並区成田東1-2-6,
大野 浩司,大阪府大東市御供田4-1-5,有限会社マツモト
吉田 元希,埼玉県川口市前川1-4-17,株式会社NKコーポレーション
泉 千草,千葉県柏市大津ケ丘2-2-6ジオ416,
増田 淳,福岡県福岡市東区多の津2-3-5,
山田 亨,新潟県新潟市中央区米山2-3-7,
山内 恭子,北海道釧路市武佐1-1-12,合資会社冨士潤滑工業所
斉田 弘二,福岡県福岡市博多区博多駅前1-1-3,農業生産法人リバティーファーム合同会社
成田 隆一,広島県広島市安佐南区伴中央1-4-7アーク705,
高橋 貴洋,兵庫県川西市清和台東2-4-17,株式会社プラウド
岩本 明子,東京都港区南青山1-4-4,有限会社コスモ
河合 宏子,愛知県愛知郡東郷町白鳥2-1-4,ときわ商事合名会社
小川 穣,福岡県福岡市中央区薬院2-2-1007,株式会社アークス
松原 知子,岩手県盛岡市北松園3-1-3,
原田 百合子,千葉県浦安市北栄2-3-21,株式会社アイエヌジー
元木 雄一,青森県五所川原市中央3-1-5,
土井 賢治,東京都世田谷区上祖師谷3-1-19,株式会社SENSE
小宮 英樹,東京都豊島区目白1-1-4,
鳥井 秀夫,東京都練馬区練馬1-3-18,
吉井 真由子,東京都中央区八丁堀1-2-3ブランズ203,
尾崎 真太郎,東京都目黒区青葉台3-3-10,
小川 正之,大阪府大阪市生野区小路東4-2-9ヴィラ407,有限会社井上製作所
中山 剛,東京都新宿区新宿3-3-8サンプリンス104,
杉尾 信,山梨県甲府市塩部4-2-8,
桑田 泰輔,北海道札幌市中央区南四条西2-2-6メロディーハイム612,株式会社西村
小田 大輔,東京都杉並区永福1-2-10,有限会社グッドライフ
山名 百恵,東京都板橋区赤塚2-2-1204,有限会社シャイン
内田 良,滋賀県大津市本堅田1-1-7,
内海 恭子,東京都立川市栄町1-5-103,
前田 浩二,大阪府吹田市岸部北3-5-1002エルグレース107,
三枝 ユウスケ,東京都墨田区立川2-4-5,
藪 和奈,千葉県流山市東初石1-1-16,
佐藤 真,長野県岡谷市加茂町1-2-3,
古市 雄斗,千葉県市川市行徳駅前4-2-8ブラームス614,有限会社大輝
米村 裕作,新潟県新潟市中央区沼垂東3-2-12,有限会社ケイ・プランニング
橋口 育子,東京都目黒区下目黒2-1-8,
菊地 収,東京都府中市住吉町3-5-18ビプレイス513,株式会社サンシステム
宮崎 育子,東京都中央区八丁堀2-5-14ダイドーメゾン408,
塚本 直人,北海道千歳市幸町3-3-7ヴィラデステ702,
中本 陽子,埼玉県鴻巣市大間2-4-16,
網谷 貴史,石川県金沢市八日市1-5-5,
田草川 裕之,愛知県一宮市本町3-2-5,
小松 康介,北海道旭川市西神楽南一条2-2-10,
大坪 ななみ,大阪府大阪市阿倍野区文の里3-4-20,
長倉 亮二,東京都板橋区高島平1-3-10,
涌井 まりこ,山口県下松市東陽2-2-10,
黒沼 雄三,兵庫県相生市相生2-5-20,
嶌田 静香,北海道札幌市北区北二十三条西3-3-8,
浅倉 聡,東京都世田谷区若林2-1-3,有限会社富士
福嶋 行雄,東京都青梅市師岡町2-3-7,株式会社フロンティア
小島 ひとみ,東京都品川区西五反田3-4-402,合名会社丸屋
大塚 友香里,大阪府大阪市淀川区加島3-3-11ソルステージュ312,有限会社カワサキ
神崎 英明,群馬県高崎市下和田町2-2-11ディーレスティア404,株式会社大志
植田 誠,愛知県名古屋市瑞穂区彌富通2-3-6リブコート209,
鈴木 大助,東京都中央区銀座1-3-13,有限会社エム・アンド・エム
武田 英恵,神奈川県藤沢市城南1-2-13,株式会社フォーユー
中川 翔太,大阪府大阪市平野区西脇1-3-3,
藤井 祐子,福岡県北九州市小倉南区城野3-1-15,
村松 雅彦,神奈川県横浜市緑区白山2-1-7,
児島 伸一,東京都中央区八丁堀4-1-4,
菊池 寛幸,東京都港区赤坂2-3-14,株式会社フェリーチェ
小林 久史,大阪府箕面市箕面3-2-8,
牧野 知子,東京都中野区江古田1-1-5,
知念 博明,大阪府柏原市大県1-1-11,
平山 栞,兵庫県神戸市中央区磯辺通1-3-12シーサイドプレイス803,
中川 和実,石川県能美市緑が丘3-3-5,
飯田 直人,東京都港区白金2-3-9,
西山 和也,北海道函館市昭和1-3-903クレアシティ107,
中島 篤志,岐阜県各務原市蘇原東島町3-5-205,株式会社日創
塚田 伸太郎,神奈川県茅ヶ崎市東海岸南3-2-4,
小川 邦博,東京都港区六本木2-3-7,
佐野 裕子,東京都三鷹市下連雀1-2-18,
石井 弘之,埼玉県朝霞市栄町2-3-3,有限会社松本建設
野沢 菜保子,兵庫県神戸市中央区元町通1-5-14,ＡＢ
増岡 貴司,福岡県福岡市博多区千代1-1-9,
伊藤 良輔,東京都世田谷区南烏山2-2-9,
尾田 朋美,神奈川県厚木市中町2-2-8セレッソコート515,
上田 庄吾,埼玉県北足立郡伊奈町中央1-3-6,
八尋 一弘,東京都大田区田園調布1-2-6,平嶋石油合名会社
豊川 一也,東京都狛江市和泉本町3-4-19,
安藤 洋一,東京都杉並区和泉2-2-4,株式会社グランド
安田 静香,福岡県福岡市東区筥松2-2-8シティハウス401,
木村 裕介,神奈川県横浜市南区大岡4-1-6,
山本 勇希,兵庫県西宮市甲子園口4-1-9,
児玉 茂和,宮城県大崎市古川北町1-1-7,
佐々木 英子,東京都新宿区四谷1-2-19,株式会社TS
鎌田 智之,愛知県名古屋市中村区岩塚本通3-1-5,
岡田 雅仁,東京都杉並区阿佐谷北4-2-10,
若林 陽一郎,宮城県塩竈市清水沢3-3-10,
斎藤 健太郎,東京都港区白金3-3-18,
遠山 佐知子,山梨県甲府市朝日3-2-16ニチモグリーンタウン708,
下田 雅子,北海道根室市昭和町2-2-6,
寺井 直,神奈川県横浜市中区尾上町1-1-8サニーハイツ404,
山下 真史,大阪府大阪市北区西天満3-1-11シティハウス110,
後藤 祥子,兵庫県神戸市西区井吹台東町1-3-10,
田中 直矢,愛知県大府市東新町3-1-5,
高橋 健悟,東京都江東区森下3-4-3,合同会社ＰＭＣ
安川 智行,東京都足立区伊興3-1-7パークスクエア311,合資会社美盛理容院
野田 まさみ,千葉県市川市北方町2-2-13,有限会社コーケン
谷口 克明,東京都大田区西糀谷2-5-1007,
高久 修平,埼玉県さいたま市中央区本町東3-3-19,
平井 一輝,東京都北区赤羽西2-5-304,
藤田 優,東京都品川区東品川4-1-4,
中野 俊英,東京都杉並区浜田山3-4-14,合同会社コスモクリエイション
野沢 悦子,東京都新宿区高田馬場2-2-1004,
盛田 聖二,山梨県甲府市徳行3-3-6,
小野 芙美,千葉県船橋市高根台1-1-11,
橘 真次,福岡県北九州市八幡西区沖田1-1-3,株式会社トータス
岡 大亮,兵庫県神戸市灘区友田町2-1-1105,
山野井 明弘,大阪府大阪市中央区南船場2-3-8,株式会社LIFE
吉田 明大,栃木県宇都宮市富士見が丘4-3-9,
村山 浩之,埼玉県川口市上青木西1-1-404,合資会社木橋商店
鈴木 円,北海道帯広市西一条南2-3-13,
古内 伸悟,大阪府大阪市住吉区我孫子3-1-3ディークラディア205,
宮崎 剛史,神奈川県横浜市中区海岸通3-3-12,
斉藤 昌彦,東京都新宿区西新宿1-3-501,
池田 彩子,東京都江戸川区平井2-2-18,
大城 彰,長野県岡谷市湊3-2-9マンション609,株式会社モノリス
水谷 幸喜,愛知県津島市西柳原町1-3-7,
佐藤 祐一,神奈川県座間市入谷1-3-5,
中野 洋一,神奈川県川崎市麻生区王禅寺東1-1-206サンマンション401,
飯尾 敏彦,群馬県桐生市梅田町1-1-11,有限会社フジ企画
山下 貴幸,福岡県福岡市東区多の津2-3-19,株式会社ドリーム
森田 一利,神奈川県横須賀市吉井1-2-4,
坪井 小百合,大阪府大阪市鶴見区浜3-2-4,株式会社グッドライフ
廣瀬 悦治,北海道札幌市厚別区もみじ台北4-3-9,
宮下 和行,福岡県春日市天神山1-1-705アトラス715,
酒井 明弘,神奈川県川崎市幸区小向西町4-2-8,
藤田 友里,北海道札幌市中央区大通西2-2-7,有限会社山崎商店
清水 康平,東京都世田谷区瀬田4-2-6,
佐々木 浩志,大阪府大阪市西成区南津守1-1-7,Ｂｅｌｌ須賀川合同会社
阿部 猛,東京都品川区上大崎3-2-409,
今村 沙織,東京都品川区東五反田1-2-8,
井上 英子,香川県坂出市西大浜北1-2-8,
青木 勇司,千葉県松戸市栄町2-4-13,有限会社ネクサス
向井 淳司,神奈川県相模原市中央区矢部2-3-17,
織田 絵里奈,福岡県大牟田市三川町2-1-4,有限会社大門
林 哲哉,大阪府大阪市北区西天満4-2-10,有限会社たんぽぽ
樋口 惇平,山口県宇部市あすとぴあ4-1-5,有限会社吉田商事
山下 大介,鹿児島県鹿児島市明和3-3-5,
江黒 由夏,神奈川県茅ヶ崎市浜竹4-3-9デュアル415,
山下 暁彦,大阪府豊中市東豊中町1-5-202,
神山 早紀,福岡県北九州市小倉北区魚町1-3-3シャトー404,株式会社丸高
宮原 敦子,東京都文京区小日向1-1-4,有限会社サトウ
鈴木 宏,東京都国立市富士見台2-2-15,有限会社アルファー
早川 陽一郎,滋賀県大津市京町3-2-3,
新海 正雄,東京都世田谷区深沢3-3-406,坂井設計有限会社
澤 泰三,神奈川県横浜市中区太田町3-1-9,
平松 太一,東京都港区南青山1-2-4,
石本 正和,大阪府大阪市北区天神橋3-3-5ラヴェール814,株式会社K’s
河田 光雄,東京都世田谷区上馬2-4-9,
下村 弘樹,愛知県名古屋市中村区太閤4-2-8,比曽河内木材合名会社
中岡 潤一,神奈川県相模原市南区相模大野3-2-8,
神永 仁,東京都千代田区麹町2-4-18,株式会社アルト
森 佑紀,北海道札幌市南区澄川一条2-2-4,
高橋 明美,東京都中野区中央2-3-10,
松木 友治,神奈川県横浜市瀬谷区阿久和西1-4-12,
中川 あきこ,青森県青森市長島2-4-6,
田中 啓子,大阪府東大阪市川田2-3-10,
吉本 隆司,神奈川県横浜市鶴見区鶴見中央3-5-7,
石橋 かおる,東京都新宿区四谷3-3-19,
松澤 大介,鹿児島県鹿児島市下荒田2-1-10,
藤井 暖,熊本県熊本市東区花立1-1-6,株式会社サンケン
佐々木 聡子,東京都文京区小日向1-1-4,合同会社ＫＡＮＡＤＥＡ
加藤 洋,岐阜県土岐市泉北山町3-5-102,
前田 麻貴,大阪府大阪市淀川区東三国2-3-3,有限会社タートル
小川 伸一,東京都文京区本郷2-3-9,
西原 まどか,東京都新宿区北新宿3-5-1002,
布施 大治,神奈川県横浜市泉区下和泉1-1-13,
武内 明仁,神奈川県横浜市南区白妙町1-2-8デリード611,有限会社フルハウス
内田 涼子,東京都杉並区高円寺南1-3-3,
細川 ゆり,愛媛県今治市喜田村1-2-401,株式会社ケーテック
佐伯 大次郎,北海道室蘭市八丁平2-1-3ダイナシティ411,
石橋 雅幸,兵庫県神戸市長田区腕塚町3-1-1005,
中川 麻子,東京都台東区浅草橋1-5-20サンシャイン109,
堀江 悟司,愛媛県松山市二番町2-2-22,
上野 綾,神奈川県厚木市鳶尾1-5-13,
佐久間 知宏,東京都豊島区池袋3-4-5,合同会社Ｅｙｅｃｈａｒｔ
小杉 元子,東京都新宿区高田馬場1-3-3,
菅澤 信弘,東京都港区赤坂1-3-20,
安藤 泰斗,兵庫県神戸市灘区篠原本町3-1-16,株式会社グリーンテック
西村 茂,大阪府大阪市中央区高麗橋1-1-1007シティライフ701,
尾谷 聡,大阪府守口市梶町4-2-10グランドマンション810,合資会社明治屋洋服店
野澤 博行,静岡県浜松市中区曳馬2-2-11,合資会社谷川薬局
徳安 綾香,神奈川県平塚市四之宮4-2-3チサンマンション704,合名会社鈴木商店
鶴田 亮,静岡県静岡市清水区追分3-3-9,有限会社明和
市川 聡,東京都文京区小日向1-5-604,
今井 正義,東京都国立市富士見台1-3-9,
塚野 直樹,東京都練馬区中村北2-3-10ルミエール810,株式会社セントラル
早川 園子,兵庫県神戸市中央区浜辺通3-3-6,
鈴木 俊一郎,東京都新宿区下落合1-5-4,合名会社東光館
今井 裕輝,大阪府大阪市東住吉区山坂2-3-22,
小林 正人,鹿児島県いちき串木野市湊町4-3-9,有限会社小林商会
柳井 守,宮城県石巻市門脇町4-2-5,有限会社高木商店
黒川 幸三,愛知県春日井市勝川町西2-2-19,有限会社清水商店
鈴木 正人,東京都港区赤坂3-3-704,有限会社松本
清永 義久,兵庫県神戸市長田区東尻池町1-5-3,合資会社生涯現役会社
高柳 泰子,東京都江東区森下3-4-3パレステージ208,株式会社エンゼル
相川 美貴,東京都小金井市中町1-2-9グランパラッシオ309,増田屋商事有限会社
森口 めぐみ,愛知県名古屋市中区栄2-4-4アムール315,
北尾 愛,東京都目黒区八雲1-3-305,
井田 由紀子,北海道札幌市清田区平岡五条2-2-5,
野村 たけし,東京都品川区上大崎1-3-16リーガル404,株式会社ハンズ
後藤 美歩,新潟県上越市北本町3-5-16,
河本 健一,東京都昭島市朝日町1-1-3,
山本 昭広,東京都千代田区九段南1-5-20,
長嶺 美奈子,愛知県海部郡蟹江町富吉3-1-5ステイツ611,
早藤 岳,東京都豊島区巣鴨3-2-12,合同会社Ｆｏｒｃｅ
後藤 功太,和歌山県和歌山市湊2-1-1106スカイマンション215,
林 孝太,神奈川県川崎市中原区宮内2-3-16ディモア606,
長谷川 亜耶,宮城県柴田郡柴田町西船迫2-1-5グランスイート511,
山本 美帆,東京都羽村市五ノ神3-2-9,
宮本 康弘,東京都昭島市緑町4-2-10,
原 博一,神奈川県横浜市港北区新吉田東1-1-5,
田村 正徳,神奈川県川崎市麻生区東百合丘3-5-1004,
上田 一朗,東京都足立区青井2-1-16,
中嶋 啓子,福島県郡山市桑野3-5-18,合資会社オフィスＮＡＧＡＳＵ
樋口 菜穂子,東京都葛飾区東立石3-1-14,
伊藤 智,東京都昭島市昭和町3-1-8,大田郷運送合資会社
森内 雅紀,新潟県新潟市江南区亀田緑町2-3-4トーカンキャステール406,株式会社ワイズコーポレーション
高橋 秀和,大阪府大阪市住吉区帝塚山中1-2-15,
松尾 菜緒子,熊本県熊本市北区山室3-2-8,
塩谷 恵,神奈川県川崎市宮前区宮崎2-1-5ヴェルドール808,有限会社プライム
津村 和晃,東京都三鷹市井口2-5-13,合名会社鈴川商事
小泉 栄一,大阪府大阪市旭区中宮1-2-19ザ・ライオンズ216,
森 利幸,埼玉県川口市上青木西2-1-9グランフェルティ703,
川島 絵梨子,埼玉県川口市並木2-4-5,
中島 健一,岐阜県多治見市池田町4-2-6,
鵜飼 譲治,兵庫県明石市小久保2-4-20,
田村 志保,千葉県市川市行徳駅前1-1-901,
森 美紀,東京都杉並区高円寺南1-3-4クラシコ706,合名会社大衆食堂偕楽
鈴木 道広,鹿児島県鹿児島市下荒田1-3-6,株式会社TAKUMI
落合 美樹,東京都杉並区和泉3-1-5,
佐々木 美喜,東京都東大和市向原3-1-409,
大野 貴大,東京都中央区日本橋室町2-2-12,有限会社藤和
佐伯 貴弘,大阪府大阪市中央区道修町1-4-13,
内田 妙子,東京都中央区銀座3-5-17,
末永 ゆみこ,東京都港区新橋1-1-19,株式会社タカヤマ
岡本 広,東京都港区三田2-5-19,
塩沢 裕幸,大阪府大阪市東住吉区今川3-2-6シティテラス611,
幡谷 啓子,東京都三鷹市牟礼2-4-17,
小森 大介,愛知県一宮市三ツ井3-2-4,有限会社かどや
豊嶋 裕也,東京都港区西麻布4-1-4グリーンマンション307,有限会社ナカガワ
三浦 義博,東京都墨田区立川3-1-1109パレ511,ゴール合名会社
菅原 裕真,東京都墨田区業平2-2-10,合名会社茨城裕生
山下 舞,千葉県柏市あけぼの2-4-3,
坂本 雄介,神奈川県横浜市緑区東本郷1-3-6,ｄａｌｌ合同会社
寺本 久雄,東京都台東区千束3-2-6,
高橋 尚宏,群馬県桐生市宮本町3-1-8,
渡辺 渉,神奈川県横浜市西区みなとみらい3-5-15,有限会社エクセル
和久井 かの子,東京都葛飾区東四つ木3-3-18グランフェルティ510,
池田 祐介,大阪府大阪市福島区鷺洲1-2-907,合同会社ｉｄｅａ
岸上 美智子,山梨県甲府市富竹3-2-20,
岡田 雅也,東京都葛飾区新小岩1-2-9ユニライフ111,
原崎 小太郎,神奈川県鎌倉市材木座2-2-4オープンレジデンシア107,三交厚生車合資会社
後藤 康雄,宮城県登米市迫町佐沼字梅ノ木1-2-8チュリス112,
小林 潤,東京都港区虎ノ門2-5-16,株式会社アドニス
冨田 あきら,熊本県熊本市中央区水前寺2-3-6,
寺林 拓也,愛知県名古屋市中区栄3-5-15,株式会社加藤
佐久間 一仁,埼玉県朝霞市溝沼2-5-5,
藤山 眞,神奈川県藤沢市湘南台3-4-405,
飯田 由希乃,東京都世田谷区太子堂1-3-14,
市川 英明,東京都日野市大坂上1-5-4,合同会社ＪＳＩＡ
田中 侑也,東京都台東区蔵前1-5-14ディーレスティア808,
中村 真由美,東京都中央区日本橋本石町3-4-4,
小栗 力,東京都目黒区目黒本町4-3-3,合同会社アレキ
松永 なおみ,埼玉県朝霞市溝沼3-1-3,株式会社ワールド
船戸 佑一,鹿児島県鹿児島市唐湊1-5-15アムール507,有限会社ファースト
小山 歩,東京都北区西ケ原3-3-1002,
工藤 照美,北海道札幌市清田区清田一条3-1-15,有限会社伊藤商会
谷村 良二,東京都港区三田4-1-10,株式会社ルーチェ
吉岡 里栄,北海道苫前郡羽幌町南六条3-1-6ギャラリーコート402,
市村 航,岐阜県高山市桐生町2-1-10,株式会社大松
福原 晃徳,北海道虻田郡倶知安町北七条東4-2-9,
三木 篤,東京都千代田区外神田3-1-6,株式会社長谷川
越 恵,千葉県富里市日吉台3-2-14ガーデンハウス312,
篠田 光平,愛知県瀬戸市品野町2-3-8エステムプラザ308,
三浦 徹也,大阪府大阪市淀川区西三国1-3-309,
木村 文,神奈川県横浜市南区六ツ川1-2-3サンロイス208,有限会社加藤商事
小林 賢輔,東京都港区虎ノ門2-4-7,
小林 敦司,東京都練馬区大泉町4-1-10,
櫻井 祐子,埼玉県越谷市南越谷4-1-8アムール204,Ａｗａｔｌｙ合同会社
小林 由美,埼玉県朝霞市根岸台1-3-3,
今井 良美,東京都中央区築地1-2-3,
堀田 慶子,大阪府高石市加茂1-4-503,有限会社明日香
佐藤 和代,東京都品川区北品川1-4-16,
宇賀神 真奈美,山口県宇部市草江2-1-6,
北川 秀樹,山口県岩国市山手町1-5-19,
安武 和弥,東京都墨田区業平1-2-10,大栄工業株式会社
岩井 正芳,東京都世田谷区経堂3-3-6,
草野 清孝,神奈川県大和市柳橋3-4-902,
村上 光司,東京都新宿区四谷4-3-6,株式会社エトワール
坂本 卓,福井県福井市二の宮1-3-301,
安本 浩二,北海道小樽市花園3-5-15,合同会社ＡＵＴＯＭＥＣ
伊藤 孝彦,福岡県福岡市城南区鳥飼3-1-5,有限会社明日香
宮田 沙和子,神奈川県相模原市緑区東橋本1-4-6,
橋本 大介,東京都国分寺市西恋ヶ窪1-1-6,
司馬 恭子,東京都江戸川区松島2-5-21,
島田 孝,東京都墨田区業平1-3-7,スポーツゴルフネットワーク合資会社
阿蘇 智子,東京都港区白金台2-2-9,有限会社竹内商店
内田 雅弘,東京都練馬区大泉町3-4-14フラット309,
内田 智貴,東京都杉並区宮前3-1-7,
中村 茂,神奈川県小田原市東町2-2-9レスタージュ515,
水野 正貴,千葉県松戸市小金きよしケ丘1-4-22,
滝島 智久,大阪府大阪市鶴見区今津北3-3-9,
井上 英樹,東京都新宿区西新宿1-5-21,
谷澤 清,東京都台東区千束3-4-3,
田中 茂,埼玉県川口市本蓮2-1-3,
立石 真一,埼玉県川越市小仙波町1-2-5,株式会社樹
河井 美世,栃木県下野市小金井4-3-4,
藤田 優介,岩手県盛岡市高松1-2-9,
佐藤 貴子,東京都中央区築地1-3-22,
谷 義弘,東京都港区白金3-2-20,
松本 なつ美,石川県金沢市泉野町1-5-14,
鈴木 哲郎,東京都新宿区高田馬場3-2-5,株式会社武蔵
那須 さおり,福岡県北九州市八幡西区穴生1-2-3エンゼルハイム608,
田中 浩美,北海道北広島市新富町西3-3-21,
福田 清一,北海道札幌市東区北丘珠一条1-1-4,
平林 翔伍,埼玉県入間市扇町屋1-2-13,
植竹 圭一郎,東京都文京区千石4-3-3,有限会社ライトスタッフ
鷲津 沙樹,東京都昭島市緑町4-1-9グレイスハイツ315,
増田 涼子,千葉県松戸市六高台1-2-19,
大泉 英美,千葉県印西市高花4-1-4,
原 隆,愛知県刈谷市松坂町2-2-10,あすとも食研合同会社
太田 正,北海道札幌市中央区南六条西3-2-15グランアッシュ402,株式会社リンケージ
福山 修一,東京都中央区銀座4-2-9,
山口 華子,東京都練馬区南大泉3-3-5,
橋本 一弘,滋賀県大津市におの浜1-1-10,株式会社ジェネシス
吉川 万紀子,千葉県習志野市実籾町3-5-4,
柴田 俊典,福岡県久留米市長門石1-4-11,
牧野 稔,岡山県倉敷市児島唐琴2-5-7,
田中 珠里,宮崎県宮崎市太田2-3-5,合同会社鷹翔エンジニアリング
前田 大介,東京都新宿区下落合3-1-8,
堀澤 久嗣,兵庫県神戸市中央区旭通2-4-8,
鈴木 茂夫,福岡県福岡市博多区堅粕4-1-6,株式会社CONNECT
宮島 慧,大阪府交野市星田3-1-5,合名会社松阪姉妹薬館
遠藤 一輝,新潟県新潟市東区物見山3-2-7,
鈴木 章子,東京都文京区千石2-3-12シャトード707,
山本 茂生,沖縄県浦添市勢理客4-3-8シャリエ401,
北村 美幸,山形県山形市小白川町3-3-5,
浅野 克典,東京都港区高輪2-4-902,
岩崎 雄太,兵庫県姫路市御立中2-3-8,
千葉 悠,宮城県仙台市宮城野区福室2-1-1009ダイアパレス704,有限会社柴田商店
上野 賢治,神奈川県相模原市南区上鶴間本町2-2-7,
増田 智恵子,東京都港区港南2-5-401,有限会社ウインズ
櫻田 加代,大分県大分市畑中3-2-10,
吉村 敦,東京都千代田区九段北4-1-9,合名会社太陽産業
飯干 竜馬,東京都中央区日本橋室町4-3-10,
高橋 学,東京都杉並区和泉1-2-502,長谷川工業合名会社
田中 俊一郎,東京都三鷹市牟礼3-4-19,
林 朋子,東京都港区新橋1-2-5,
堀江 真人,東京都中野区本町3-5-1009,
遠藤 洋一,東京都調布市国領町1-2-6,株式会社スペース
大倉 弥生,東京都品川区南品川1-2-6,合名会社フロンティア
藤山 貴之,東京都新宿区新宿3-5-17,合同会社Ｈａｌ
大西 圭,北海道旭川市永山二条1-3-7,
金森 尚紀,熊本県熊本市東区長嶺南1-3-6,有限会社丸和
荏原 昌代,東京都墨田区江東橋4-2-9,
松下 芳幸,東京都台東区台東1-5-15,
伊藤 郁恵,東京都文京区湯島2-2-4,
富田 雅子,千葉県君津市大和田2-2-8,
三好 雅子,大阪府大阪市東淀川区下新庄3-3-303フォルム414,
藤井 仁,北海道夕張市本町1-3-4,株式会社昇栄
宮澤 慧,広島県広島市南区宇品西3-2-8,
牧野 陽子,兵庫県神戸市中央区山本通3-3-19,
村松 智恵,大阪府大阪市城東区東中浜2-3-6,合同会社ダイニ
小泉 和美,高知県吾川郡いの町天王南3-3-7,
片岡 まりあ,東京都新宿区西新宿1-5-9,株式会社ロード
川瀬 和史,千葉県流山市南流山2-3-4,
中谷 健一郎,北海道釧路市鳥取大通1-5-6ヒューマンズ806,
川原田 いづみ,宮城県仙台市泉区紫山2-3-6,
石川 香澄,宮城県仙台市青葉区一番町3-2-11,ケイステップ合同会社
秋田 玲美,東京都江戸川区東小岩4-3-8,
都築 真紀子,東京都新宿区西新宿1-1-9セントファミーユ204,
鎌田 幸久,高知県香美市土佐山田町東本町1-5-11,株式会社フェニックス
森 享,岡山県岡山市南区浜野2-3-9,有限会社ブレイン
太田 理恵,北海道滝川市本町2-3-17ドムール209,
白鳥 功,千葉県習志野市東習志野2-3-12,
水野 依子,東京都江東区大島2-1-4,
須田 宏明,石川県金沢市三口新町3-4-8,
石川 祐輔,東京都調布市国領町2-4-5,
松田 士郎,東京都千代田区神田佐久間町2-2-5,株式会社アイアール
加田 奈津子,東京都豊島区巣鴨3-3-16,有限会社中村商店
金子 舞子,埼玉県志木市下宗岡2-5-20,
本間 幸一郎,福岡県福岡市西区愛宕浜4-2-8,株式会社エスケー
川本 淳史,福岡県福岡市西区愛宕浜4-2-8ソルステージュ811,株式会社トリニティー
渡部 篤彦,北海道札幌市中央区大通西2-5-14,
平岡 恭子,大阪府大阪市中央区伏見町2-1-9ベルヴィル101,株式会社ウィン
北田 仁美,千葉県市川市大和田3-2-9,
野口 友紀,新潟県上越市仲町3-5-1203,
石倉 まい,神奈川県横浜市鶴見区矢向2-3-5,
多田 智子,青森県八戸市小中野3-5-1004,株式会社シバタ
田中 和也,神奈川県横浜市旭区中白根3-1-22,
植村 朋子,東京都大田区西糀谷3-5-21,三重県畜産振興合資会社
西田 宏一,兵庫県尼崎市塚口町4-2-3,
大村 みどり,愛知県春日井市鳥居松町3-4-18,
清水 静,東京都文京区本駒込4-3-5ハイタウン405,
遠藤 敏明,大阪府大阪市東住吉区駒川3-2-6,
吉川 知香,大阪府豊中市庄内栄町4-3-4ベルク415,株式会社フォーチュン
野嶋 龍介,秋田県湯沢市表町1-2-705,
緒方 伸吾,東京都武蔵野市境南町1-2-7,有限会社テック
佐藤 誠志,大阪府大阪市中央区本町2-4-602,
齋藤 朋子,東京都葛飾区西新小岩1-4-15,
佐久間 忠,山梨県甲府市中央1-1-1202,有限会社村上商店
笹部 敦志,北海道網走郡美幌町字大通北2-3-7,
吉田 千裕,東京都足立区保木間3-2-4,
辻本 実,愛知県名古屋市中村区名駅南1-2-7,
森田 博美,大阪府大阪市中央区本町3-3-7,株式会社TSK
中田 武彦,兵庫県神戸市中央区磯辺通3-1-10,
石原 法子,埼玉県深谷市西島2-4-905,合同会社ワイアー
吉田 東子,沖縄県浦添市勢理客3-1-14,
伊藤 崇博,東京都港区白金台3-2-9,株式会社ゴールド
高橋 央子,宮城県登米市迫町佐沼字中江1-1-7,合同会社岡野総合建設
高木 菜穂子,神奈川県相模原市南区相模台2-2-21エクセレンス304,
松原 友子,大阪府柏原市法善寺3-2-6グルーブ607,
中尾 三郎,愛知県名古屋市名東区一社3-4-16,ＧＳＰ合同会社
小林 まい,宮城県仙台市泉区桂3-2-3,有限会社マルヨシ
浅井 佑美,東京都港区西麻布3-3-11,
田口 拓郎,東京都港区高輪3-5-7,
長谷川 千絵,東京都墨田区太平3-2-12シティタワー710,
高山 泰志,大阪府泉南郡熊取町朝代西1-3-7,古山自働車合資会社
水越 悟,北海道札幌市豊平区平岸三条1-3-5,有限会社ダイチ
西浦 香保里,東京都中央区日本橋本石町3-3-11,株式会社TNK
小林 真紀子,東京都荒川区南千住4-1-5ブリリア502,
長谷川 拡,東京都中野区沼袋1-3-803,
梅澤 大樹,千葉県市川市市川3-3-8,
安芸 和弘,福岡県福岡市博多区竹下3-3-9,
大澤 智彦,東京都足立区一ツ家2-5-907コスモハイツ213,
朝比奈 昌弘,東京都立川市柏町2-3-7,
高山 裕美子,大阪府大阪市中央区上本町西4-3-3,有限会社新栄商事
清水 麻理子,福岡県福岡市博多区博多駅南2-3-8,
松田 義徳,愛知県名古屋市中区栄2-1-22,
山本 正明,神奈川県川崎市多摩区長尾3-2-8ライオンズ・グランフォート112,
日野 肇,東京都世田谷区上祖師谷4-3-6,有限会社フリースタイル
青松 健太郎,愛知県名古屋市北区楠2-2-3,株式会社INFINITY
村上 嘉洋,神奈川県藤沢市辻堂東海岸3-3-901リブコート810,
辻 珠美,東京都板橋区小茂根2-3-8,
伊藤 えみ,長野県飯田市中央通り2-4-3,有限会社プログレス
山ノ内 隆宏,北海道札幌市清田区北野七条3-3-3,牧山鉄建合資会社
木村 大輔,神奈川県川崎市幸区幸町2-2-5,有限会社マツモト
近藤 祐哉,東京都大田区山王2-2-6,株式会社サンアイ
永松 和実,大阪府箕面市粟生外院3-3-1101,
山口 義之,神奈川県横浜市港北区樽町3-4-8フォレスティア707,
高橋 仁,千葉県市川市相之川3-4-11,
近藤 徹,東京都豊島区東池袋3-1-5,株式会社ダイキ
福嶌 功,東京都新宿区西新宿2-3-903ワコーレ105,有限会社エスプリ
中田 裕介,東京都杉並区荻窪2-4-401,
立木 葉月,岐阜県各務原市蘇原青雲町2-2-4,
松尾 晃,埼玉県所沢市中新井3-4-13,合名会社松林印刷所
有村 太郎,埼玉県越谷市大沢4-3-9,
森下 政則,埼玉県蕨市中央3-2-9,
望月 敬三,新潟県新潟市江南区船戸山1-2-8,
山口 友美,東京都三鷹市井の頭4-3-6,
柿澤 太輔,埼玉県新座市栗原4-1-5クレアガーデン603,有限会社宏和
金子 俊光,岡山県倉敷市新倉敷駅前2-1-5,
戸倉 司,神奈川県川崎市宮前区土橋4-3-10,
江口 彩,新潟県長岡市中沢1-5-7,ヒカリ合同会社
森 貴弘,東京都渋谷区恵比寿2-2-15,株式会社サンエイ
嶋 裕之,神奈川県横浜市緑区白山2-1-7,
石澤 香織,東京都中央区勝どき4-1-9,株式会社希望
岩室 壮一,東京都江戸川区一之江3-5-1006,合資会社榮竹亭
佐藤 誠司,青森県八戸市石堂2-5-6,株式会社ユニティー
大澤 みく,北海道札幌市北区北三十七条西2-2-7レスタージュ202,
山本 圭,福岡県大野城市瓦田3-5-203,
田村 恵,東京都中野区東中野3-3-4,合資会社丸正
森山 洋太,茨城県古河市東3-2-7,
内田 めぐみ,兵庫県神戸市北区鹿の子台南町2-2-3,有限会社アプト
毛利 健,千葉県市原市北国分寺台3-4-11,
松山 優,東京都豊島区南池袋4-1-7,有限会社フルカワ
石田 真実,東京都渋谷区神宮前4-2-6セルダン606,合資会社並木商店
福田 由起子,大阪府大阪市淀川区西三国1-4-106,
山越 奈津美,兵庫県神戸市垂水区塩屋町2-4-302,鈴木産業株式会社
吉田 健志,東京都港区虎ノ門3-1-9サンヴィラ512,
風間 剛,東京都世田谷区代田2-3-7,
渕上 淳一,高知県四万十市中村一条通3-2-19,西村産業有限会社
佐藤 光男,香川県丸亀市土器町西1-2-8,合同会社牛久太陽光発電
山田 麻衣子,静岡県静岡市葵区駒形通3-2-7イニシア106,丸山産業合資会社
竹内 康志,東京都杉並区高円寺北2-5-503ディーグランセ406,有限会社コマツ
植田 雄大,茨城県守谷市松前台1-2-22,さくら土地開発合同会社
神宮司 美幸,大阪府大阪市城東区諏訪3-2-8,
溝口 鉄兵,東京都新宿区四谷2-1-8,佐伯杦木合名会社
菅原 裕也,東京都足立区中央本町2-3-6,
小野 太郎,兵庫県尼崎市東難波町2-1-1206,
水本 敏,大阪府大阪市西区南堀江2-4-21,株式会社ライフサポート
杉浦 一樹,福岡県福岡市博多区住吉3-1-6,
景山 仁,東京都杉並区上荻2-2-1109,株式会社創新
柏木 健司,大阪府泉佐野市中町2-3-701レックスマンション410,
植野 悦子,東京都町田市原町田4-3-9,
矢野 章裕,滋賀県草津市野路東3-3-3,有限会社明日香
丸山 麻由,福岡県福岡市博多区博多駅前3-3-10,合同会社ＬＬＣ茱萸－ぐみ
牧 潤一,神奈川県横浜市青葉区荏田西3-1-5,有限会社フォルテ
奈良 泰正,大阪府大阪市住之江区新北島3-4-18,
大畑 俊也,大阪府大阪市福島区福島2-1-3,
中川 智佳子,広島県広島市佐伯区五月が丘4-2-7,合名会社いさみや商店
工藤 可奈子,東京都豊島区東池袋3-3-5,有限会社エムアンドケイ
松島 沙織,福岡県福岡市博多区博多駅南2-3-8,
菊池 宗太郎,和歌山県橋本市城山台4-1-6,
岩崎 英貴,宮崎県東臼杵郡門川町加草3-2-9ローレルハイツ515,有限会社ゴールド
田端 知弘,神奈川県横浜市都筑区荏田南3-3-10,
上野 祥行,愛知県名古屋市港区野跡2-3-9,
田中 久史,岩手県盛岡市上堂3-3-22,
平林 卓也,東京都中野区江古田1-2-20,
田中 美智子,大阪府高石市千代田3-5-10,
金子 高志,兵庫県神戸市東灘区住吉南町4-1-8ネバーランド313,株式会社佐々木工務店
鈴木 ちひろ,大阪府八尾市美園町1-3-18,株式会社エイト
村田 まさし,東京都品川区小山2-5-10,
中島 清,東京都板橋区常盤台2-3-10,合資会社伊藤増鋳造所
松尾 恭弘,大阪府東大阪市川田2-2-10,
大山 康彦,山梨県甲府市下飯田2-5-16,
長島 珠実,東京都三鷹市大沢1-4-16,
関口 友香,東京都新宿区新宿1-2-3,
竹井 光久,北海道札幌市南区澄川二条2-3-14,
澤田 哲史,東京都東大和市向原2-3-11,株式会社アルト
植田 俊,大阪府大阪市福島区玉川3-5-11コート709,
斉藤 雅明,大阪府豊中市曽根東町3-4-1203ジョイフル807,有限会社サンアイ
宮村 健太郎,大阪府大東市北条1-2-8,
大嶋 秀介,兵庫県神戸市北区星和台1-3-20,有限会社鈴木商店
大原 健吾,東京都文京区湯島3-4-22,
佐藤 晃司,東京都世田谷区駒沢4-2-3,
花岡 佳保里,宮城県柴田郡柴田町船岡東2-3-703サンロイヤル801,合同会社レガール西田
斉藤 侑紀,愛知県常滑市本郷町3-2-904,
秋山 聖一,東京都台東区蔵前2-4-4,合名会社杉屋旅舘
三上 陽子,徳島県徳島市中島田町3-4-16,
五十嵐 正雄,東京都台東区元浅草4-2-6,株式会社ライトスタッフ
久保 修平,愛知県豊川市末広通3-4-21,株式会社大輝
高柳 洋平,北海道札幌市白石区米里一条2-2-8,
藤井 亜実,埼玉県上尾市浅間台3-4-11,
石田 美奈子,東京都豊島区東池袋2-5-15,合資会社綿引製作所
熊野 真理,滋賀県大津市坂本2-3-6,合同会社エムフロム
榎田 幸夫,愛知県名古屋市南区大同町3-2-19コンドミニアム806,
藤沼 博幸,愛知県名古屋市北区志賀町2-4-9パークコート115,
川崎 健司,福岡県北九州市八幡西区茶屋の原1-5-404,
石井 勝博,新潟県見附市本町1-2-15,いろは土浦１合同会社
大野 有紀子,埼玉県戸田市本町1-2-4,
山下 良和,大阪府大阪市東住吉区今川3-1-15,株式会社丸善
小澤 淳,神奈川県横浜市西区みなとみらい1-1-7,
杉田 康之,兵庫県神戸市中央区旭通1-3-8,
小林 伸哉,秋田県秋田市中通2-3-22フルーレ605,
小林 達哉,東京都豊島区長崎4-3-5,
鵜飼 美帆,新潟県柏崎市松波2-2-3,株式会社ビリーブ
木村 通子,岡山県玉野市田井4-2-7,
大森 慎太郎,東京都江戸川区平井3-1-7,株式会社すずらん
和田 佑太,兵庫県神戸市長田区三番町1-4-7ウォームスヴィル112,有限会社橋本工業
武藤 耕,東京都江戸川区平井1-5-17,
西島 知夏,愛知県名古屋市中村区平池町1-2-5,
永野 龍生,東京都目黒区上目黒3-3-8,合資会社東海清掃
鈴木 愛,大阪府大阪市中央区高麗橋2-2-3クレアコート312,
菊地 智美,千葉県市川市八幡3-3-4,
黒崎 佳奈,北海道留萌市南町2-2-12,
土屋 志保,愛知県名古屋市西区中小田井3-3-20,
上村 洋平,埼玉県幸手市東3-3-8,
吉田 弘幸,愛知県岡崎市大門2-4-803,
小椋 良樹,千葉県千葉市中央区中央1-1-1209,
齋藤 智晴,東京都多摩市愛宕3-4-9ネオグランデ309,
島谷 俊之,千葉県松戸市六高台1-3-9,
小松崎 淳,東京都練馬区豊玉北2-3-5,株式会社コスモ
浦野 太郎,千葉県市原市五井西3-2-6,
小川 映里,北海道札幌市中央区南八条西1-3-6,
吉川 慶,沖縄県那覇市おもろまち1-1-16,
吉原 文子,千葉県船橋市西船3-3-16,合資会社関東石油商会
中嶋 崇,東京都墨田区太平3-2-22,
呉羽 慎也,東京都港区六本木3-2-4,合資会社海野材木店
曽根 誠二,岡山県岡山市南区泉田3-1-4ヨークベル607,
清水 ちひろ,福岡県北九州市小倉南区横代北町1-2-4,
林 恭子,東京都品川区上大崎2-5-19,
田中 早希,東京都渋谷区恵比寿1-2-21ベルレーヴ811,有限会社山田製作所
村中 佐代子,埼玉県川口市西川口2-1-602シャンボール816,
藤井 理恵,神奈川県横浜市鶴見区潮田町3-4-5,有限会社高橋商事
森田 大,青森県八戸市類家2-1-5シャリエ810,
武井 陽子,東京都千代田区麹町2-1-6,
丸田 孝行,宮崎県宮崎市大淀1-3-3ローレルコート105,
塩原 清,埼玉県八潮市八潮1-1-16,伊勢リース有限会社
近藤 玄,大阪府大阪市生野区巽東3-3-5エミネンス504,有限会社ふじや
大伴 恭輔,岡山県岡山市北区奉還町3-3-9,
松井 百合子,東京都板橋区成増2-2-5,
鈴木 恵,兵庫県神戸市灘区岩屋北町2-3-6,合同会社岡野総合建設
川原 恵理子,東京都町田市金森東1-1-7,
藤原 康彦,埼玉県さいたま市浦和区本太2-2-15パークホームズ116,株式会社ハート
川瀬 智子,山口県下関市楠乃2-1-4,
山口 裕也,北海道札幌市北区北十一条西1-2-1102プリオーレ212,
赤井 直和,東京都日野市神明2-5-16,合名会社尾崎タイヤ商会
小平 誠,愛媛県今治市東鳥生町1-3-16,
石丸 悦子,神奈川県横浜市鶴見区下野谷町2-1-15,
森本 秀光,岐阜県大垣市赤坂新町2-3-409ヒルズコート515,
小板橋 聡志,東京都新宿区四谷2-2-8,有限会社アップル
大井 正樹,東京都中野区上鷺宮2-2-206,
寺島 亜希,兵庫県神戸市長田区二葉町2-3-4,
太田 幸司,愛知県小牧市小牧3-1-10,合名会社青木商店
小林 祐介,神奈川県横浜市磯子区杉田1-1-7,有限会社シルクロード
泉 充,広島県広島市西区庚午中2-2-15,
林 京子,兵庫県神戸市長田区菅原通3-1-8メゾン402,
野澤 由美,北海道札幌市中央区南四条東2-4-10,合同会社センス
村雲 賢一,愛知県名古屋市千種区新池町2-4-7,
市岡 祐介,大阪府大東市北条1-2-8ハイマート402,
牛尾 久美子,東京都台東区松が谷4-3-10,
岡本 清,千葉県浦安市北栄1-3-10,有限会社小林商会
西野 隆行,沖縄県那覇市首里石嶺町2-1-12,
小山 直,福岡県福岡市早良区南庄3-1-6,
坪根 智行,広島県広島市安佐北区真亀2-5-901,
忍田 栄一,静岡県静岡市清水区蒲原1-5-19,
小野 幸治,栃木県さくら市卯の里1-1-4,
福地 陽,兵庫県神戸市中央区中山手通4-3-9オーキッド113,
斉藤 正也,兵庫県加東市下滝野2-2-20オークヒルズ115,
江口 一朗,東京都葛飾区細田1-5-10,
横井 由香,神奈川県横浜市中区海岸通1-1-16,株式会社ウチダ
飯野 万里子,東京都渋谷区広尾2-1-3キングマンション304,
橋村 誠二,東京都江東区森下3-5-5,
松岡 奈保子,東京都台東区東上野3-3-16,
若松 竜二,広島県呉市三条2-2-7,
坂本 翔,千葉県市川市市川南3-3-206コンドミニアム409,有限会社小林商会
戸田 智之,福岡県福岡市早良区野芥3-1-19アズ601,株式会社ナカノ
福田 俊夫,兵庫県川西市清和台東4-1-6ブリッジコート809,
村上 敏宏,東京都多摩市愛宕3-2-8,
松野 理子,大阪府大阪市中央区南船場2-1-509,株式会社山本
岩崎 雅秀,東京都台東区松が谷3-2-8,株式会社サンコー
菅原 誠,山形県山形市印役町1-1-19,株式会社佐藤組
中島 純,北海道苫小牧市美園町2-5-14,
三浦 徹郎,石川県金沢市西泉2-3-13,
原 典子,愛知県名古屋市南区六条町2-3-4,合名会社やまいち化粧品店
藤澤 朋子,福岡県福岡市東区原田4-1-10,株式会社HAL
長谷川 温子,埼玉県戸田市上戸田3-1-6クレアコート406,
尾崎 良,埼玉県坂戸市関間2-1-10アメニティ316,
江守 ユカリ,埼玉県さいたま市北区大成町1-3-6,
大竹 恵美,千葉県鎌ケ谷市鎌ケ谷3-4-5,
井上 和巳,神奈川県茅ヶ崎市中海岸3-1-16,
中島 雅博,新潟県新潟市中央区山二ツ2-5-11,
菊池 健二,大阪府八尾市長池町3-2-9,
渡辺 弘,東京都千代田区飯田橋1-3-1209,
藤田 聡,東京都葛飾区亀有1-1-5エクセラージュ404,株式会社ブレーン
長井 弘二,東京都港区虎ノ門1-4-1105,
関 裕子,埼玉県八潮市大瀬2-4-16,株式会社STS
河本 宏行,東京都大田区大森西2-4-21,
鏡 大,兵庫県神戸市中央区熊内町3-3-202,株式会社仁
門脇 数馬,東京都大田区上池台2-5-4,
木村 正子,北海道札幌市西区平和二条4-2-6,
松田 郁江,東京都世田谷区代田3-3-9,
嶋田 健介,東京都荒川区西日暮里2-3-4パレスエクセル809,
桑原 司,東京都杉並区永福4-2-3,アテナ・ビジネスソリューション合同会社
安達 貞徳,埼玉県さいたま市中央区鈴谷1-2-12,
川田 裕文,東京都港区虎ノ門1-1-11,合資会社尾鷲東寶劇場
笹倉 哲平,東京都中野区鷺宮3-5-801,株式会社さくら
石塚 晶,埼玉県戸田市美女木4-1-9,
林田 剛,東京都世田谷区玉川1-4-1202,
鈴木 瞬,東京都世田谷区上野毛1-1-19,菱共製材合名会社
森本 孝浩,滋賀県草津市平井1-4-20,
前川 康之,群馬県前橋市城東町2-3-15シーアイハイツ107,
山口 裕樹,東京都千代田区外神田1-3-22,
井出 雅史,東京都墨田区両国2-2-5,合名会社龍崎商店
田中 尚,大阪府東大阪市加納3-2-20,有限会社石川
木村 美香,東京都調布市西つつじケ丘1-4-22ハイネスクラウズ715,
中田 慎一,東京都葛飾区新小岩1-1-8ジオグランデ404,
日高 いづみ,大阪府大阪市平野区平野西3-3-21ベル804,
秋岡 悠太,大阪府吹田市千里山西2-2-201,株式会社三立
浅野 拓実,東京都大田区西糀谷3-5-20エクセラージュ206,
小平 謙治,大阪府高石市羽衣3-2-21ラヴェール309,
黒崎 大輔,東京都台東区蔵前4-1-9,
本郷 俊,大阪府吹田市青山台3-3-12,合資会社玉森殖産場
米川 舞子,大阪府吹田市岸部中2-5-802,
本多 義晴,東京都新宿区四谷3-5-1208グランノア603,
川田 克弥,東京都杉並区浜田山3-1-18,
有田 秀紀,千葉県船橋市芝山3-4-806,合同会社日南産業
溝渕 哲也,高知県安芸市矢ノ丸2-2-10ハイツオークラ105,合同会社ミライン
塩尻 靖大,宮城県仙台市泉区南光台1-1-4パルメーラ813,
石嶺 ひろみ,三重県桑名市筒尾4-3-7,
北山 哲博,大阪府東大阪市西石切町3-2-5,株式会社エフ
荒井 徹,東京都港区虎ノ門1-1-3,
小林 哲也,東京都世田谷区世田谷1-4-15,
大澤 奈央子,大阪府大阪市西区北堀江1-3-17,
井上 勇介,広島県広島市安佐南区伴東2-2-4,
佐藤 久美子,東京都江東区亀戸3-1-19,株式会社STEP
横山 亮太郎,愛知県名古屋市千種区東山通3-3-12,
竹田 優子,岐阜県各務原市大野町2-1-7,株式会社AIM
渡辺 悟,北海道札幌市白石区米里二条3-2-15,株式会社ミライ
塚田 碧,東京都三鷹市新川1-5-9,
今井 亮介,神奈川県厚木市旭町2-2-21,合同会社キャマラード
安成 真司,大阪府大阪市中央区南船場2-1-902グランドヒルズ403,鹿島松合名会社
高橋 真悟,北海道札幌市西区八軒十条東3-3-8,
丸山 伸也,青森県青森市富田2-5-18,
松山 健,東京都小金井市東町3-2-8,
久下 弦,東京都台東区台東1-4-17,
武田 大輔,北海道根室市昭和町2-2-6,
水落 秀一,埼玉県さいたま市見沼区東大宮4-3-7,
佐藤 雄太,福岡県福岡市東区多の津2-3-19,
上田 祐司,大阪府東大阪市東鴻池町2-2-4,
竹井 恵,広島県福山市新涯町3-3-22,
岡村 晴美,石川県金沢市石引3-3-708,株式会社クロスロード
鈴木 裕明,神奈川県逗子市逗子2-2-22,
山下 美香,宮城県仙台市青葉区国見ケ丘2-3-5,株式会社創研
籔 知也,大阪府大阪市福島区福島2-1-4ネオグランデ703,三和建設株式会社
野尻 まり子,千葉県市川市大野町2-2-13,合同会社佐和屋
畠山 達也,埼玉県さいたま市北区宮原町1-1-9,
松山 久雄,東京都国分寺市西町1-5-13,
山口 大輔,北海道札幌市東区伏古十三条1-1-7,
横山 栄太郎,東京都葛飾区鎌倉2-1-6,
金城 ひとみ,大阪府豊中市上新田2-1-6,
井上 浩美,東京都大田区上池台2-2-13,有限会社マキ
杉本 秀樹,東京都渋谷区神宮前3-1-9,有限会社三和商事
宮崎 彩,大阪府摂津市鳥飼上3-2-9,有限会社和幸
白坂 基,愛知県高浜市二池町2-2-21,有限会社大進
金子 崇洋,東京都港区赤坂4-2-4,
林 滋,東京都世田谷区給田3-2-5,
千葉 聡一朗,東京都三鷹市牟礼3-1-1108,株式会社日創
中村 優子,東京都世田谷区桜上水3-2-9,有限会社トミー
志村 早苗,大阪府高石市加茂1-2-12,カスミ精工有限会社
楠瀬 梨恵子,神奈川県横浜市港北区綱島西3-2-14メゾンドール309,
坂入 麻衣,東京都大田区山王1-5-13,
大坂 綾子,兵庫県神戸市須磨区菅の台2-3-7,株式会社アムール
和田 稔,東京都足立区綾瀬3-2-8,株式会社エクラ
佐野 航,東京都西多摩郡瑞穂町長岡2-2-21,
渡部 恵美里,神奈川県横浜市南区二葉町2-2-8,
吉成 伸太郎,神奈川県横浜市旭区若葉台3-1-504,
高橋 瑞穂,愛知県春日井市大手町3-2-7,
徳富 和也,大阪府大阪市中央区南本町2-4-18,
財満 重行,神奈川県川崎市高津区末長1-1-12コムーネ306,
児玉 美佳,東京都文京区小石川3-4-21,有限会社タムラ
鍋山 ゆかり,福岡県福岡市東区箱崎3-3-801,株式会社ファーストステップ
齋藤 雄介,岩手県盛岡市みたけ3-4-22,こうなん技術サービス合資会社
赤井 佳織,埼玉県入間市久保稲荷1-4-606,
高橋 和久,大阪府摂津市鳥飼上3-2-9パレス801,
森下 大輔,東京都荒川区東日暮里2-4-19パークハウス811,
川原 由香理,福岡県大牟田市三川町1-3-4,
中山 弘実,東京都渋谷区代々木2-4-13,
吉竹 未希,愛知県岡崎市羽根北町1-1-22テラス308,合同会社きらら
築地 良明,長崎県長崎市小江原3-3-3,
池口 宏子,東京都中野区本町2-2-6,花屋合名会社
坪田 春佳,沖縄県那覇市首里石嶺町3-5-802,丸山馬糧製造合名会社
川崎 輝樹,大阪府大阪市東成区中本3-1-5,合名会社コンサルティング・ダンノ
安田 豊,東京都台東区松が谷2-1-10,
中村 昇,東京都港区南青山2-2-6,株式会社ナガイ
千葉 和樹,神奈川県伊勢原市沼目3-5-12,株式会社ライフデザイン
後藤 幸雄,福岡県糟屋郡志免町別府北3-3-4,有限会社ユーアイ
山田 剛志,神奈川県横浜市中区弁天通3-2-8ロイヤルグラン515,
半澤 まり子,東京都港区芝1-1-404リーデンススクエア103,
北村 浩明,滋賀県野洲市西河原2-2-19コボリクラスタ608,
石田 純一,東京都北区中十条3-3-4,
林 久美子,沖縄県宜野湾市嘉数2-2-7グローバル210,
花村 昭広,神奈川県相模原市南区東大沼1-2-9ロイヤルシャトー802,
宮里 美帆,大阪府南河内郡河南町大宝1-5-14,合資会社大進
山岡 雅章,神奈川県川崎市川崎区藤崎4-1-5,合名会社大松屋
橋本 富夫,東京都港区港南2-1-19アーバンヴィレッジ314,
澤野 利幸,東京都千代田区麹町3-3-9,
内山 誠,鳥取県鳥取市若葉台北1-2-1002,
長沼 遼平,東京都中央区銀座3-5-606,
吉田 裕紀子,福岡県福岡市西区愛宕浜2-1-7,
児玉 美織,東京都中央区日本橋本町2-2-21,
中嶋 康宏,大阪府大阪市淀川区東三国3-3-9,ライフサポート株式会社
佐藤 伸弥,長野県諏訪市高島2-1-10,株式会社なかむら
岸 康子,福岡県福岡市博多区博多駅南1-5-207コスモ716,株式会社カワカミ
赤松 靖浩,東京都渋谷区神宮前1-1-801,
毛利 英人,山形県山形市城西町3-2-4,有限会社中村工務店
浜野 章宏,愛知県名古屋市南区呼続4-2-10,合名会社太田商店
川越 ひろみ,兵庫県姫路市下手野1-3-10,合同会社しいのき
秋葉 千恵子,佐賀県佐賀市神園3-4-21,渡辺縫製有限会社
石井 昭秀,北海道札幌市西区発寒五条2-3-5ファインフラッツ112,
白井 崇,東京都世田谷区太子堂2-3-22,
菅原 愛理,東京都足立区栗原1-3-18,株式会社ファーム
北島 千賀子,山口県岩国市山手町1-2-6,
中村 恵,秋田県秋田市大町3-2-5,
西本 健太郎,北海道札幌市豊平区月寒中央通2-1-1204サンロイヤル702,
桑野 知子,東京都板橋区赤塚2-2-1204,株式会社アイディール
宮本 円,埼玉県久喜市栗橋東3-5-702,
中村 優人,大阪府南河内郡河南町大宝2-5-22パークホームズ312,
本多 健,大阪府和泉市いぶき野3-1-17,
曽和 真子,東京都港区赤坂1-4-106メガロコープ412,合名会社山本技術研究所
大石 康人,北海道夕張郡栗山町中央4-3-7,株式会社プロテクト
吉本 翼,神奈川県横浜市中区尾上町1-2-6,
笹倉 智江,福岡県北九州市小倉南区沼緑町1-5-4,
山田 隆幸,広島県廿日市市阿品台1-3-3,
清水 貴之,北海道登別市美園町1-3-506,合同会社テンバガー
鈴木 美千子,大阪府豊中市東豊中町2-3-3,株式会社AI
中島 啓一,福岡県福岡市中央区渡辺通3-1-4,
田口 隆博,北海道札幌市北区北八条西2-2-21,合資会社玉森殖産場
永田 淳,東京都新宿区四谷1-2-1003,
青山 美帆,東京都葛飾区東四つ木3-4-7,
中村 里子,東京都豊島区東池袋2-2-18,
山本 沙代子,滋賀県草津市野村1-5-807,株式会社プロフィット
今井 太郎,山口県下関市後田町3-3-7,
酒匂 恵理香,東京都中央区日本橋室町1-5-18,
三川 武則,大阪府大阪市北区西天満1-4-21,有限会社プロス
吉岡 優介,東京都台東区台東2-3-7,
中嶋 ゆりか,宮城県仙台市太白区西多賀1-2-12,
林 祐子,千葉県松戸市栄町西2-3-605,
志田 真二,千葉県市原市西広3-1-19,株式会社小林
坂入 牧子,福岡県福岡市中央区薬院3-4-18,
奥野 浩司,福岡県福岡市東区松島3-3-702,田山合名会社
宮本 えり,東京都新宿区西新宿2-4-21,
吉田 博幸,愛知県名古屋市千種区東山元町2-1-8,有限会社三恵
大野 健,千葉県千葉市中央区松波2-1-11,
大江 卓朗,高知県高知市本町1-5-102,
成瀬 美子,東京都世田谷区玉川1-1-6,株式会社テック
丸山 憲宏,千葉県船橋市夏見台3-1-6,
植村 香織,北海道札幌市中央区北四条西1-1-5,有限会社ケイテック
山名 晴子,東京都渋谷区広尾2-1-3エフコート102,
大原 加奈子,東京都世田谷区若林4-3-7ユニアルス604,株式会社フジコー
武藤 初,広島県福山市木之庄町3-3-14,有限会社ゴールド
奈良 栄治,広島県福山市大門町2-5-9,
佐々木 加奈子,福島県いわき市錦町中迎3-3-5,
内田 知香,大阪府大阪市西区北堀江2-5-11,
岡村 枝里,埼玉県北葛飾郡杉戸町杉戸2-3-3,有限会社三興
大川 理香,新潟県三条市直江町2-1-9,
増渕 篤志,大阪府堺市美原区木材通2-5-12,合同会社ＬＬＣ茱萸－ぐみ
大塚 雄作,愛媛県松山市余戸中3-1-6,
川嶋 朗,愛媛県松山市保免西3-2-8ベルク103,
瀬戸 直史,北海道旭川市南二条通3-3-9オークス208,有限会社鈴木興業
後藤 基,愛知県名古屋市南区中割町1-3-609,株式会社タクミ
伊藤 朋子,福岡県福岡市西区野方3-1-10パルムハウス709,
満井 浩子,東京都新宿区新宿1-4-1204,
大西 かなこ,神奈川県川崎市多摩区菅1-2-808,
工藤 有紀,千葉県市川市八幡2-2-406,有限会社未来
小林 亜矢,大阪府大阪市淀川区木川東1-3-9ザ・ライオンズ115,
新井 静佳,東京都千代田区神田佐久間町2-1-7,株式会社T＆M
佐藤 知広,神奈川県藤沢市鵠沼藤が谷1-5-13,
佐藤 健博,岡山県岡山市北区野田3-5-1003,
藤谷 健治,東京都墨田区錦糸1-2-16,株式会社サカイ
久保 光志,愛知県名古屋市天白区島田2-1-3ロイヤルシャトー308,
福田 訓,東京都練馬区早宮1-2-307ビバリーハウス515,
鈴木 裕久,神奈川県藤沢市辻堂2-1-4,
徳江 稔明,東京都練馬区練馬4-1-5,
西本 里枝子,神奈川県川崎市川崎区塩浜3-4-13フェルティパーク113,
鈴木 文子,東京都品川区荏原2-2-8,
井上 智美,東京都豊島区西池袋3-2-3サンシャイン703,
甲斐 裕子,熊本県熊本市中央区本荘2-2-7メゾン213,イーパブリッシングジャパン合同会社
藤井 龍介,北海道札幌市中央区南四条西1-5-6,有限会社ナカヤマ
中嶋 雄一郎,東京都墨田区業平1-1-8,合同会社Ｔａｋｅ
村本 貴宏,岐阜県多治見市太平町1-4-9,合同会社ケアプラン時計台
長嶺 淳,千葉県船橋市習志野台1-5-9,株式会社ライフスタイル
三好 真也,福島県いわき市洋向台1-1-6,
竹田 千春,東京都新宿区西新宿4-1-8,合資会社米原式遮光換気名張製作所
河上 みどり,愛知県名古屋市中区大須1-4-16,三鳥木材産業合資会社
加藤 佳奈,北海道札幌市白石区流通センター2-5-14,
丸山 順子,東京都練馬区田柄4-3-10,株式会社プラスワン
高崎 雅文,北海道帯広市西一条南2-3-13,
熱田 遊,福岡県福岡市南区長丘3-1-7パークスクエア102,稲野辺商事合名会社
斉藤 俊晴,神奈川県川崎市多摩区西生田2-1-10,株式会社三立
斉藤 靖典,東京都新宿区西新宿2-4-106,
平岡 隼人,東京都港区西麻布1-1-9,
山本 克己,千葉県市川市相之川3-5-8,株式会社ネクストイノベーション
矢野 雄一郎,静岡県藤枝市南駿河台1-3-3,
林 伸吾,埼玉県入間市下藤沢2-1-9,
金 健太,東京都足立区綾瀬1-1-1109,中元農林合名会社
山浦 和則,岩手県盛岡市北飯岡1-3-5,常総食品合名会社
西山 菜美,東京都板橋区小豆沢4-2-9,
玉井 律子,大阪府大阪市中央区南船場3-1-7パークナード512,株式会社ウェル
菅原 亮一,千葉県市川市行徳駅前3-4-20,
川村 陽子,大阪府大阪市福島区玉川3-5-11ヴィラン810,
本山 翔太,愛知県名古屋市千種区猫洞通1-2-7,
日高 優衣,埼玉県久喜市青葉1-2-5,
角田 健太郎,愛知県名古屋市西区則武新町1-2-5,
高田 邦治,兵庫県神戸市中央区小野柄通1-3-8ヴィラデステ601,
渡辺 奈穂美,長崎県島原市新山2-5-909,
城山 亜理沙,千葉県千葉市中央区中央2-2-8,有限会社信和
粟野 宣之,鹿児島県鹿児島市西伊敷2-4-19,合名会社岩本洋品店
水口 淳,東京都中央区八丁堀2-2-16,
大津 成美,大阪府東大阪市長田中3-1-207,
木下 恵美,東京都新宿区新宿1-3-802,
佐々木 麻友,大阪府大阪狭山市池之原2-5-6,
西村 康宏,大阪府藤井寺市小山1-5-15,
神田 孝太郎,大阪府箕面市桜2-1-8,
板橋 哲也,東京都新宿区西新宿2-1-16,株式会社清水商店
齊藤 鈴子,広島県広島市佐伯区八幡東1-1-9,
米澤 芳弘,埼玉県さいたま市大宮区桜木町2-2-15,
根木 有一,岐阜県各務原市各務山の前町3-2-8,
松原 洋,埼玉県川口市赤井3-2-6,株式会社レック
池浦 智幸,岐阜県多治見市明和町1-1-7,
黒田 加奈子,千葉県船橋市本町3-1-1106リッツ810,
和田 哲司,東京都新宿区高田馬場2-1-4,合資会社横田製菓商店
糸山 香苗,三重県鈴鹿市西条1-2-21,株式会社ヒカリ
澤 正史,東京都港区芝1-2-6,
松見 明,北海道亀田郡七飯町本町1-5-104,
小森 未生,北海道札幌市北区新琴似四条3-1-9ツウィング705,
苅谷 健雄,東京都中野区本町3-2-5,
黒木 悦子,神奈川県鎌倉市大船1-1-10,有限会社鈴木製作所
鳥飼 圭子,鹿児島県鹿児島市南栄2-2-8,合資会社ピーパーツ
浅野 宏和,宮城県仙台市泉区虹の丘1-4-15,
堀口 洋介,北海道根室市本町1-5-3,
杉浦 香織,石川県加賀市山代温泉桔梗丘2-5-19ジークレフ215,
浅田 純,大阪府高槻市富田町3-2-5パークノヴァ616,
森 博文,東京都渋谷区恵比寿3-5-11サンロイヤル805,
服部 和昭,東京都練馬区大泉町4-1-10,株式会社吉祥
小坂 駿,大阪府四條畷市岡山2-3-1209,
中澤 深,三重県四日市市別名1-5-12,
高橋 未央,福岡県福岡市中央区小笹3-1-109クレアガーデン410,
飯塚 彰,岐阜県多治見市幸町2-3-13,
片桐 正範,千葉県流山市西初石2-3-701,
藤原 秀幸,東京都江東区亀戸2-2-4レジオン112,株式会社扇屋
前田 薫,兵庫県神戸市灘区水道筋2-4-106,新栄産業有限会社
田辺 渉,東京都小金井市緑町3-2-103,株式会社ウインズ
豊川 真吾,千葉県船橋市本町1-2-4,
狩野 真衣,北海道札幌市北区南あいの里2-1-6,
山本 誠,大阪府大阪市北区天満3-2-5,株式会社フジテック
水野 有加,佐賀県佐賀市松原3-2-5,株式会社フラップ
長野 晋一,山口県下関市竹崎町1-5-21,
福田 薫子,北海道帯広市東一条南2-2-9ジオ309,株式会社スリーピース
橘田 毅,宮城県仙台市泉区鶴が丘3-3-3,
三好 幸祐,北海道札幌市南区澄川二条1-2-8ローレルスクエア716,
岩崎 裕明,愛知県名古屋市北区中切町2-2-7シーアイマンション704,
花岡 さん,東京都港区南麻布2-3-19,有限会社タムラ
栗本 めぐみ,東京都世田谷区若林3-1-10,
櫻井 清夏,神奈川県横浜市鶴見区北寺尾2-1-7,
小野 優子,大阪府箕面市瀬川4-3-8,合名会社松阪姉妹薬館
稲村 京子,大阪府吹田市山田東4-3-7,株式会社サンフラワー
佐藤 秀樹,東京都墨田区両国1-1-8,
崎山 克弘,東京都三鷹市牟礼1-1-6サンライフ701,
飯塚 温,愛知県豊田市大林町3-2-22,
柳谷 奈苗,千葉県市川市北方町3-4-9,
平山 和巳,富山県富山市二口町1-2-709,
立原 千明,山口県山口市吉敷中東1-5-8パレス515,株式会社ベルテック
橋詰 敏彦,京都府長岡京市開田2-4-20,有限会社アーク
榎本 貴人,東京都西東京市新町2-1-1007,合資会社Ａｚｕｒｅ
横田 誠,東京都江戸川区松島2-1-5,
山口 克洋,千葉県船橋市二和東2-1-7,
山田 建吾,神奈川県藤沢市本鵠沼1-2-15,株式会社コウエイ
加藤 康史,栃木県宇都宮市富士見が丘3-1-8,
山野 海,長野県松本市石芝3-2-9ダイヤハイツ402,株式会社プラネット
加藤 京子,岐阜県多治見市音羽町1-5-1006,合名会社川西商店
古川 二郎,埼玉県上尾市緑丘3-2-15,株式会社豊栄
田中 純子,鹿児島県鹿児島市紫原3-3-15,
亀井 良,北海道赤平市美園町1-1-4カサベラ707,
黒 洋行,愛知県名古屋市中村区平池町2-1-12,
桐田 ゆかり,山梨県都留市上谷1-3-5,東洋商事株式会社
早川 安史,大阪府三島郡島本町広瀬1-5-14,
石塚 浩之,大阪府大阪市北区西天満3-2-5,株式会社ヨシケン
加賀美 里美,北海道札幌市東区北三十条東3-2-7,
矢野 めぐみ,東京都練馬区豊玉中3-4-12,
村田 真由美,福岡県福岡市博多区博多駅南2-4-19,神永有限会社
寺田 智洋,東京都渋谷区代々木1-5-806,
岩木 郁子,大阪府大阪市平野区加美北4-3-9,
長島 祐樹,岐阜県岐阜市河渡3-3-6,株式会社伊藤工業
佐藤 和寿,東京都中央区銀座1-5-409,株式会社クラウン
木内 真吾,新潟県長岡市水道町1-3-21,
中村 一樹,東京都渋谷区代々木3-2-905ブリリア108,合資会社和光書店
和泉 美喜,愛知県名古屋市天白区元八事1-3-17,
中村 潤一,東京都目黒区上目黒2-2-5,
中川 絵理,宮城県仙台市青葉区川平4-2-6,
伊藤 綾子,福岡県福岡市博多区美野島2-1-6,
石橋 栄治,埼玉県戸田市本町1-4-4,株式会社TKコーポレーション
渡辺 佐和子,東京都世田谷区祖師谷2-3-8,
山本 和子,東京都世田谷区下馬2-4-9,
藤野 かおり,東京都中野区本町2-2-6,株式会社ヨコヤマ
佐藤 麻菜,東京都江東区豊洲4-1-3,
井上 裕樹,愛媛県松山市畑寺3-2-9,
三ヶ尻 麻美子,千葉県鎌ケ谷市くぬぎ山3-1-4,合名会社黑須商店
松野 誠,東京都杉並区西荻南1-1-5,株式会社大商
宮田 まみ,東京都八王子市中野上町1-2-8,
北村 宏之,東京都港区西麻布1-1-12ダイヤモンドマンション204,
大澤 雄大,東京都江東区北砂2-1-9,株式会社ハヤカワ
今村 幸浩,東京都港区新橋1-5-13,
橋口 博之,大阪府大阪市東成区大今里南1-2-14,
駒形 仁,大阪府池田市石橋1-3-908,
大林 幸正,神奈川県相模原市緑区町屋4-1-10,
廣川 希,東京都文京区小石川2-1-8,
木村 雄太,東京都品川区中延3-2-7,株式会社アオイ
近森 貴弘,山口県下関市員光町3-3-7,
市川 和樹,福岡県福岡市南区井尻2-2-4,
飯田 英治,東京都八王子市明神町1-4-1003,合名会社青木商店
今谷 誠一,青森県弘前市大字城東北1-1-20,
本田 理沙,東京都世田谷区弦巻3-2-3,大宮工業合資会社
石原 奈穂美,千葉県市川市市川2-5-7,有限会社田中工業
安齋 力,兵庫県神戸市兵庫区芦原通2-1-21,
井上 俊樹,沖縄県名護市大南2-1-7ユニアルス814,
斉藤 将行,大阪府大阪市中央区本町2-3-6,株式会社クリエイト
寺尾 剛史,埼玉県久喜市西大輪1-1-3,合資会社コイノニア・インターナショナル
隈部 一成,大阪府箕面市箕面3-2-8,
長澤 俊英,千葉県習志野市津田沼2-5-1204,合名会社エスワイエスクリエイション
幕田 哲男,大阪府大阪市中央区今橋1-1-6,坂井林業合名会社
中嶋 信一,埼玉県さいたま市浦和区針ヶ谷1-5-13,
菊島 友紀,東京都渋谷区広尾3-4-1102,株式会社中村工業
濱中 肇,東京都品川区南品川1-2-309,
三澤 裕美,埼玉県草加市瀬崎2-3-15コムグレイス510,
山本 秀樹,東京都中央区日本橋室町1-5-19,協和工業株式会社
山口 明大,福岡県大野城市平野台2-3-7リッチライフ308,
竹本 裕子,東京都品川区東品川2-5-405ゴールデングリタ212,
木嶋 信二,東京都北区滝野川4-1-9,
椎名 遼太,東京都練馬区谷原1-2-3,
佐藤 秀明,東京都東村山市萩山町2-4-18,有限会社大野商店
小出 雅史,東京都渋谷区神宮前4-1-6,
小林 隆光,東京都多摩市関戸1-2-7,
山下 宗,東京都町田市玉川学園2-1-202シャンボール102,
迫 唯史,東京都千代田区飯田橋2-4-18,
安藤 真樹,東京都中央区八丁堀3-3-10,合名会社江口又新堂
南野 薫子,東京都中央区銀座4-2-8,有限会社共生
橋本 将幸,福岡県北九州市八幡西区幸神1-1-15グランドメゾン503,合同会社Ｇｒａｎｄ
三宅 康男,神奈川県川崎市宮前区有馬3-1-8ルイシャトレ206,
永井 祐子,神奈川県横浜市中区海岸通2-3-14,
外間 昌子,東京都江東区亀戸1-5-16,
後藤 寛之,福岡県福岡市東区馬出3-5-602,
岩井 亮介,東京都台東区蔵前2-4-16,
剱持 雅史,東京都新宿区西落合3-1-10,株式会社ファインテック
松尾 幸徳,東京都千代田区九段北2-1-10,新和産業株式会社
谷 拓馬,埼玉県熊谷市別府3-4-9シャンティ506,
玉置 功一,神奈川県横浜市神奈川区神大寺3-3-3,
幾田 由美,東京都渋谷区恵比寿2-1-13,
西澤 浩子,山口県周南市城ケ丘3-3-601,油屋旅舘合名会社
鈴木 政彦,神奈川県横浜市都筑区茅ケ崎東4-1-3,合資会社ワイ・エムサービス
坂井 哲也,大阪府豊中市長興寺南3-2-7,有限会社カワサキ
友部 眞也,神奈川県横浜市西区花咲町2-3-6ハイツオークラ509,
下園 陽子,岐阜県土岐市土岐口中町3-1-8セイワパレス614,
石川 壮一郎,山口県山口市吉敷中東1-5-8,
和田 綾乃,北海道札幌市豊平区福住二条1-1-4,合名会社後藤衣料店
長島 真彦,東京都新宿区西落合3-4-3,合資会社マサル鉄工所
大蔵 奈緒美,岐阜県岐阜市芥見1-2-4,
大門 学,東京都千代田区九段北2-4-204,
荒木 淳史,埼玉県さいたま市岩槻区東岩槻2-2-5,
吉岡 友美,大阪府大阪市阿倍野区松崎町1-5-807,
渡部 ありさ,栃木県小山市東城南1-1-9,有限会社エス企画
金田 由起子,神奈川県相模原市中央区並木3-2-8,
永尾 江利,愛知県名古屋市北区辻本通3-5-11,
風岡 康典,愛知県名古屋市中村区名駅2-3-5,
澁谷 ちひろ,山口県宇部市亀浦1-4-4,
吉野 和久,滋賀県大津市真野2-1-10,株式会社イズミ
長谷川 一樹,群馬県前橋市若宮町1-3-4ローレルコート506,エスエイオリジナル有限会社
高柳 ちほ,東京都東村山市青葉町2-1-3,
永井 一,東京都渋谷区恵比寿2-4-4プランヴェール404,
白川 智康,鹿児島県霧島市国分広瀬1-2-15,有限会社アプト
川崎 なおみ,山口県岩国市南岩国町2-1-13ユニハイム516,有限会社中央商事
門脇 剛生,東京都多摩市関戸3-3-7,
照屋 博之,山形県山形市松波1-1-3,株式会社東商
佐野 麻耶,東京都文京区小日向1-1-4,
大嶋 かなこ,福岡県福岡市中央区六本松2-1-1208,
坂本 博貴,東京都港区赤坂1-3-6,
足立 まり子,東京都目黒区青葉台3-2-9パインフィールド412,有限会社サンライン
中尾 伸之,神奈川県横浜市青葉区あざみ野1-1-5,有限会社原田商店
加納 祐一,山梨県甲府市朝日3-2-16,
井元 遥菜,北海道登別市美園町3-2-1107パークコート804,
有岡 恵,兵庫県神戸市中央区下山手通2-5-7,
小野 真理子,福岡県糟屋郡粕屋町花ヶ浦1-3-3,有限会社佐藤産業
神崎 大和,東京都江東区豊洲3-2-101ドムールコスモス803,株式会社モリ
西川 桃子,北海道札幌市北区北十三条西3-5-19,
相澤 亮太,東京都板橋区赤塚1-1-10,合名会社山畑組
篠塚 浩平,神奈川県横浜市神奈川区松見町3-1-408,
下山田 祐介,神奈川県茅ヶ崎市中海岸3-1-16,
石井 亜美,東京都江東区亀戸3-1-19,
橋爪 良子,東京都渋谷区恵比寿1-1-3,
岩崎 勲,東京都中央区築地2-5-9,有限会社ナック
玉野 泉,東京都府中市四谷1-3-3,
青柳 千智,埼玉県ふじみ野市大井中央4-1-8,
足立 憲和,東京都杉並区高円寺南1-1-3,有限会社イースト
根来 ひとみ,長崎県佐世保市天神4-3-5,
恩田 聡,千葉県船橋市習志野台1-3-8,
朝倉 公一,広島県福山市曙町2-5-21レック201,
藤本 貴幸,東京都中央区八丁堀2-3-15,
奥山 喬,京都府京都市伏見区深草西浦町1-1-8エーベル105,
松本 知也,千葉県市川市南行徳1-4-15レオ113,
小村 好美,愛知県常滑市保示町2-5-9,
鶴谷 光希,愛知県名古屋市中村区本陣通3-3-9,
土屋 円,東京都大田区大森東1-5-203,
梅澤 英子,神奈川県相模原市南区上鶴間本町3-3-9,株式会社都
中島 誠二,埼玉県川口市本町3-2-10,
森田 亮,神奈川県相模原市南区東林間1-4-7,
山田 久美子,大阪府大阪市大正区平尾2-1-6ハウス802,
梶山 由起子,東京都小金井市東町3-3-5,
菊池 伸明,神奈川県横浜市青葉区あざみ野1-5-11,
湯淺 淳子,愛知県大府市桃山町3-2-17,有限会社グレース
松野 聖史,兵庫県神戸市中央区山本通2-5-12,
杉本 文隆,千葉県浦安市美浜1-2-5,
竹永 太洋,千葉県木更津市請西1-5-20,
松田 郁子,北海道札幌市西区西野六条1-3-6,
勝木 明子,千葉県市川市北方町2-2-13,
西川 譲,大阪府茨木市豊川3-5-10,合同会社スロウハート
高山 智久,東京都千代田区麹町3-3-10,
大場 成美,京都府長岡京市開田2-4-20,合名会社滝野コンスターチ工業所
古川 奈々,東京都大田区上池台2-5-4フリックコート416,合資会社大進
柳生 由香,東京都千代田区神田佐久間町2-1-3,
石川 葉月,兵庫県神戸市東灘区住吉南町4-1-8,
荒木 武明,東京都日野市日野本町1-5-12,有限会社大翔
井上 真帆,東京都調布市調布ケ丘3-4-15パークハイツ309,
藤田 加奈,神奈川県藤沢市辻堂東海岸4-2-6リビオ605,
吉川 光志,東京都世田谷区駒沢3-5-7,大栄精麦合資会社
角田 真央,東京都文京区白山3-5-9コボリマンション206,合名会社大屋ラヂオ店
梅村 寛久,東京都渋谷区恵比寿1-2-4,
冨田 祐樹,東京都渋谷区恵比寿3-1-4,
青木 雄太,岐阜県各務原市蘇原東島町3-5-205,
力石 知博,千葉県市原市ちはら台東3-4-205,合同会社コースタルテラス
黒川 有紀,大阪府大阪市生野区巽西2-3-3,
清水 真司,埼玉県さいたま市浦和区北浦和3-1-6,
佐藤 亜矢子,愛知県名古屋市昭和区川名本町1-4-9,
井上 通,神奈川県横浜市金沢区能見台1-2-6,
江頭 美帆,兵庫県伊丹市昆陽東3-2-903,株式会社エコシステム
松田 翔,大阪府門真市四宮3-3-21,株式会社サンエイ
柴田 雄太,東京都港区西麻布3-3-10,
中原 将平,東京都墨田区墨田1-5-7,有限会社エムケイ
柏木 めぐみ,大阪府大阪市北区大淀中2-3-8ディオレ603,合資会社木橋商店
坪井 裕之,大阪府吹田市佐竹台3-3-20,株式会社タイコー
白井 康裕,東京都港区南青山4-3-5,
下元 潤,兵庫県神戸市兵庫区中道通1-5-15パインクレスト312,
島田 智彦,埼玉県川口市西青木3-2-8,株式会社シーズ
長島 龍彦,宮城県仙台市泉区松陵1-3-9,有限会社木村商店
井口 麻理子,石川県金沢市玉鉾3-2-10,合資会社ピーパーツ
加藤 義広,東京都墨田区江東橋1-5-14,
大岡 佳奈,北海道帯広市西十八条南1-2-6レオ316,有限会社東洋商事
松江 正哉,愛知県名古屋市中区正木2-1-8,
奥田 暢子,東京都台東区千束2-1-706,株式会社ルート
岡崎 英介,北海道札幌市厚別区大谷地東3-2-10,
山口 千穂,宮城県仙台市太白区緑ケ丘3-2-10グローバル612,
江守 健二,兵庫県明石市魚住町住吉2-2-609ソレイユ804,合同会社令和ガス
石原 和彦,神奈川県川崎市麻生区上麻生3-1-6ジョイフル801,
塚田 裕大,神奈川県横浜市神奈川区松見町2-3-3プランヴェール706,
森野 由紀子,東京都港区港南2-1-15,
坂 陽子,東京都豊島区池袋本町3-3-5,
野田 伸也,東京都中野区中野2-2-4,
込山 潤,埼玉県越谷市七左町2-3-10,合名会社鈴木商店
松 優子,大阪府藤井寺市沢田1-1-13,
中川 光里,埼玉県さいたま市南区辻1-5-209,
境 泰彦,東京都中央区築地3-4-7,
井上 美穂,埼玉県越谷市弥栄町3-1-7,株式会社武蔵
坂井 法明,神奈川県横浜市鶴見区矢向3-3-8,
沼尻 真澄,東京都中野区弥生町4-2-6,
川合 愛子,神奈川県横浜市中区伊勢佐木町3-4-21,佐藤建設株式会社
田口 奈津子,神奈川県横浜市南区二葉町2-2-8,
井上 康子,大阪府松原市上田1-2-21,
浅井 央,大分県大分市富士見が丘西2-5-21,
川口 真一郎,福岡県福岡市南区長丘2-3-8,
森 彩香,兵庫県神戸市垂水区塩屋町2-3-12,神都博善合資会社
柳沼 真里子,兵庫県姫路市広畑区正門通3-4-601アムール316,
杉本 光輝,北海道北斗市追分2-3-107,
久保 充孝,東京都大田区大森北2-3-8,
岡部 英也,大阪府大阪市大正区鶴町3-3-603,
山下 善美,広島県広島市西区庚午中3-1-9,株式会社フレンズ
三谷 良輔,東京都世田谷区船橋3-3-5,有限会社ブライト
今村 さや香,大阪府大阪市住吉区長居東2-5-18プレサンスロジェ301,
山本 遼太,神奈川県横浜市南区中村町1-1-10,
山本 尚弘,東京都中央区八丁堀2-2-22,
奥田 百合子,神奈川県川崎市高津区下作延2-2-10,
吉田 剛,愛知県瀬戸市品野町3-1-11,
佐々木 智恵子,大分県大分市富士見が丘西2-5-21,合同会社バンブー・プロジェクト
村中 和仁,東京都荒川区東尾久2-2-11,
市川 真,福岡県福岡市南区大橋1-5-1001,株式会社ウィズ
岩間 聖士,東京都新宿区四谷2-3-3,
関谷 歩,東京都葛飾区細田1-1-4,株式会社テイクワン
伊藤 克人,大阪府松原市三宅中3-5-1003,株式会社キング
中山 もえ,東京都北区田端3-1-5,
佐々木 伸司,北海道網走市南七条東2-1-8,有限会社秀栄
長浜 鉄平,東京都港区白金3-3-18,株式会社サカイ
新井 正則,大阪府大阪市淀川区西中島1-1-15,
工藤 友輔,山口県山陽小野田市中央4-2-10,株式会社ハイブリッジ
田川 礼,埼玉県志木市上宗岡4-3-3,
石津 裕一,東京都世田谷区桜丘1-2-5,
桃井 美咲,愛知県小牧市小松寺2-4-11,
松尾 和隆,神奈川県川崎市麻生区万福寺2-3-8,有限会社アール
上田 かおり,東京都新宿区下落合1-3-4,株式会社幸栄
吉川 智子,神奈川県座間市緑ケ丘3-5-11,
原田 慧,東京都足立区青井2-5-401,
内田 久美子,愛知県名古屋市中川区清船町1-2-807,合同会社ペティゴ
秋山 美穂,神奈川県茅ヶ崎市香川1-2-503,
宮嶋 明裕,千葉県市川市相之川3-5-8,
野口 俊和,千葉県松戸市五香2-1-9,
児島 真哉,東京都世田谷区若林2-3-8,
福島 亜希子,千葉県千葉市中央区中央1-1-5,
鈴木 克徳,北海道札幌市西区発寒十一条3-2-20,
遠藤 知晃,東京都港区南青山2-1-18,有限会社シンエイ
田所 徹,東京都新宿区四谷3-5-1007,株式会社信栄
出野 義人,兵庫県姫路市東延末2-5-7,
平山 美幸,東京都文京区千石2-5-20,
石坂 綾子,兵庫県神戸市中央区元町通1-3-9パークナード703,
平山 綾乃,愛媛県今治市天保山町3-1-7,合同会社オーケアス
永嶋 学,愛知県常滑市港町1-1-13パラッシオ805,株式会社木村組
佐々木 久子,大阪府大阪市中央区南船場2-5-5,
石森 藍子,大阪府大阪市淀川区西中島1-2-9ミラージュパレス607,
瀬戸 武彦,岐阜県多治見市下沢町1-1-8パークハイツ611,上野合名会社
岩澤 秀夫,東京都品川区小山1-1-604グレイスハイツ801,
井上 英彦,千葉県柏市酒井根1-1-1007グリーンコーポ812,有限会社マスダ
大庭 太郎,神奈川県座間市入谷2-2-3,株式会社豊栄
山田 辰也,北海道余市郡余市町大川町2-1-3,
清水 俊也,東京都新宿区下落合1-1-8,株式会社アッシュ
寺尾 泰幸,大阪府大阪市住吉区万代1-2-8,水海道ハイヤー有限会社
福井 彩佳,東京都新宿区下落合1-3-17,山本建設株式会社
塩本 耕治,岡山県倉敷市連島2-1-20,
村田 ゆき,東京都文京区湯島2-2-4リーガル505,株式会社ササキ
加藤 健一,宮城県仙台市太白区あすと長町4-2-8,株式会社司
湯浅 慶悟,神奈川県川崎市宮前区馬絹3-3-19パークノヴァ313,
安田 純子,山梨県甲府市中央2-5-903,有限会社中村商店
島崎 弘樹,滋賀県草津市上笠1-4-9グリーンマンション713,
高田 秀子,神奈川県鎌倉市七里ガ浜東2-1-6,株式会社サンプラス
林 かよ,東京都港区芝浦3-1-10,合名会社鈴川商事
新見 和幸,東京都渋谷区本町4-2-5パインクレスト709,
仲 美子,千葉県市原市辰巳台西4-3-9,株式会社ブライト
井上 由佳,東京都墨田区太平2-2-17カサベラ506,
石川 裕美,兵庫県西宮市西宮浜3-3-3,
藤田 圭介,東京都練馬区大泉学園町1-1-705ユニーブル302,株式会社メルシー
山崎 隆太,山口県光市島田1-1-3サントピア704,
朝本 愛実,東京都足立区伊興1-3-8,
川口 和洋,大阪府大阪市鶴見区鶴見1-3-15,
小泉 晋平,東京都豊島区東池袋3-2-904,
森山 龍也,東京都豊島区南長崎1-3-7,株式会社アート
池田 達也,東京都国分寺市西町2-2-19,
冨田 紀子,兵庫県川西市緑台1-2-806,
河村 忍,埼玉県さいたま市南区辻1-5-209コーポラス309,合名会社澤井嘉蔵商店
早川 瑞樹,福岡県北九州市八幡西区星ケ丘2-1-8,株式会社アルス
吉村 貴道,東京都中野区新井1-3-408セザール502,
吉田 友紀,大阪府大阪市中央区伏見町4-3-7エスプリ806,
湊 薫,神奈川県鎌倉市七里ガ浜東2-1-6,
今井 卓,大阪府大阪市都島区都島本通1-2-20,
斉藤 康彦,東京都練馬区東大泉3-4-17,合同会社丸福運送
佐野 拓実,北海道札幌市中央区南六条西1-1-506,
金子 麗華,東京都世田谷区太子堂1-3-7,
楠田 萌子,和歌山県和歌山市松江北3-1-7,共栄産業株式会社
佐藤 綾乃,千葉県市川市大野町2-1-8,
石川 栄子,神奈川県小田原市栄町3-2-4,
山本 浩昭,東京都港区西麻布2-2-9,株式会社ステップワン
石岡 圭子,宮城県仙台市青葉区宮町2-3-14ダイドーメゾン401,
矢谷 寛人,福岡県福岡市南区清水2-1-19,
小林 亜希子,大阪府大阪市西淀川区歌島3-1-15カルム606,
岡田 美和,東京都町田市原町田2-1-7,
川口 彩奈,東京都千代田区麹町3-1-4ルネ204,三和産業株式会社
青山 富夫,神奈川県厚木市宮の里1-2-201,
鈴木 将之,神奈川県相模原市中央区相模原3-2-9クオリス215,
吉原 千恵,東京都板橋区前野町2-2-402,
後藤 貴士,千葉県習志野市津田沼1-1-1203,合名会社三重農具製作所
濱川 愛子,東京都江東区東陽1-2-5,
野村 彩夏,長野県松本市中央1-2-9,
樋口 真也,大阪府大阪市中央区博労町1-3-1205,
岩切 学,岩手県北上市常盤台4-1-7ツウィング106,
森 美華,神奈川県逗子市久木2-2-8,
伊藤 博史,神奈川県藤沢市鵠沼松が岡2-3-9,
河合 百合子,東京都練馬区氷川台3-2-5,有限会社アプト
青木 利夫,東京都港区六本木1-1-16,
金野 大輔,東京都渋谷区渋谷4-3-8,有限会社ウエノ
松藤 陽子,東京都世田谷区世田谷1-4-15エーベル606,
白井 雅弘,北海道札幌市中央区北二条東1-1-20,
野々宮 竜也,沖縄県那覇市首里鳥堀町3-2-15ネオディ602,
牧野 茂,東京都中央区勝どき3-4-5,株式会社コスモス
太田 千夏,愛知県高浜市湯山町1-3-10,
三澤 慧,東京都世田谷区瀬田2-1-16,株式会社ネクストステージ
宇佐美 哲弥,大阪府大阪市淀川区木川東1-2-5,合名会社いさみや商店
深谷 郁,北海道札幌市北区新川三条1-1-3,
大下 直哉,東京都新宿区四谷4-2-4,株式会社ヤシマ
高田 奈央美,東京都府中市天神町3-3-5エンゼルハイム206,株式会社ケイツー
五十嵐 友樹,埼玉県さいたま市北区大成町1-1-7,
山崎 美佐,東京都文京区本郷2-2-807グランフェルティ208,有限会社興和
谷 健,兵庫県尼崎市潮江3-2-205,
大徳 瑠奈,東京都江東区豊洲1-2-5,
松崎 敬子,神奈川県横浜市港北区大倉山1-1-6,農業生産法人リバティーファーム合同会社
池渕 奈菜,宮城県仙台市青葉区中央2-2-9,有限会社ヨシノ
吉田 萌,千葉県木更津市桜井新町1-1-1204,合同会社ブルーフェアリー
重森 貴也,東京都渋谷区代々木1-2-4,
原 淳,長野県飯田市今宮町1-3-16スワローハイツ202,
滝澤 智之,東京都大田区東雪谷3-1-3,合資会社三共材木店
若林 宏,北海道札幌市北区北三十三条西3-5-21,
田村 聡,東京都渋谷区神宮前4-2-7シーアイハイツ711,
白井 有希,東京都中野区中央3-1-1103,
笠原 綾,東京都狛江市岩戸南2-3-14,株式会社SUN
溝辺 綾菜,北海道札幌市東区苗穂町1-3-8,
坂崎 義之,東京都文京区本郷2-2-807,
秋谷 昇,神奈川県横浜市中区住吉町1-1-4,有限会社渡辺製作所
山本 康晴,東京都墨田区八広1-2-709,合資会社丸兵商店
平山 結子,東京都新宿区西新宿2-1-4,合資会社別府商店
山本 覚,福岡県福岡市東区下原2-3-4,株式会社永光
八尋 淳,東京都新宿区四谷1-5-903,
小松 麻理奈,栃木県宇都宮市富士見が丘3-2-7,株式会社木村
関 哲,東京都世田谷区瀬田2-2-10,
鈴木 潤一郎,東京都墨田区墨田1-2-707,有限会社葵
遠藤 智子,東京都台東区台東2-4-5リビオ403,鍛冶春建設有限会社
小林 美帆,千葉県成田市宗吾2-2-6,株式会社ミネルバ
原田 潤,大阪府寝屋川市三井が丘2-1-109,
藤井 玲子,神奈川県相模原市緑区城山4-1-3,
小西 聡,茨城県龍ケ崎市中根台4-3-3,
吉岡 健夫,兵庫県尼崎市昭和通3-2-4,株式会社ウイズ
横野 篤,滋賀県大津市真野4-3-9,有限会社市川
内田 和江,愛知県刈谷市中山町1-2-304,関東鶏卵有限会社
大城 真由子,東京都港区赤坂4-1-9,株式会社エバーグリーン
岸 一真,東京都府中市天神町2-2-20,
前田 恭子,東京都文京区千石1-1-3,
守田 智子,兵庫県川西市大和東1-1-6,株式会社OHANA
後藤 剛,東京都台東区千束1-2-4モンラヴィ816,
松岡 大,岡山県岡山市北区今3-2-21,
橋本 真,東京都港区港南1-2-908,株式会社フジモト
吉田 りん,東京都墨田区緑1-3-3,
浜谷 由貴子,兵庫県姫路市青山2-1-18,
片山 由佳,東京都新宿区西新宿3-5-13,株式会社トータル
田中 晋,北海道札幌市東区北四十八条東2-2-7,
石川 美奈,東京都足立区中央本町2-3-6,
雑賀 幸恵,東京都港区南青山1-3-10,
吉田 昌子,千葉県千葉市中央区中央1-5-6,
長谷川 千恵,福岡県福岡市西区姪浜駅南4-2-4,
森田 憲昭,千葉県松戸市日暮2-3-22,合同会社ＫＡＮＡＤＥＡ
佐久間 唯,北海道釧路市新富士町1-4-20,
岡崎 康弘,神奈川県横浜市磯子区森1-1-11,
木村 安子,岐阜県岐阜市薮田南2-3-11フラット203,
関 朋子,埼玉県三郷市早稲田4-2-10シャルム702,
松下 和明,大阪府大阪市西区新町2-2-16,
工藤 あゆみ,東京都練馬区高松1-3-10,皆川工業有限会社
太田 浩樹,東京都杉並区高円寺南2-2-9,
新井 公章,東京都国分寺市西町1-1-8,合名会社野垣兄弟商会
山野 智子,北海道札幌市中央区南九条西1-3-3プラウドシティ303,
杉本 智子,東京都港区虎ノ門1-4-4,
前田 直美,静岡県静岡市駿河区中田3-2-3,合同会社マトリックス
照井 知絵,東京都杉並区南荻窪3-5-3パルムハウス703,
林 昭夫,埼玉県さいたま市緑区東浦和3-3-3,
江森 智子,北海道札幌市中央区南九条西1-1-3,
竹下 浩太,東京都港区六本木4-1-7,
速水 一誠,埼玉県川口市青木3-2-4,合資会社ハリマヤ
上村 文,東京都葛飾区東立石1-2-9,
片岡 由美子,千葉県市川市市川南3-4-14レイセニット116,
山本 昌昭,東京都墨田区石原3-1-5,
有馬 広子,福井県福井市問屋町1-3-902,
井上 温子,大阪府松原市天美我堂1-4-16オークヒルズ415,
坂井 宏昭,長野県松本市石芝1-2-18,
古澤 千明,東京都杉並区高円寺南3-3-5ダイナシティ309,
田島 朋美,岐阜県岐阜市西荘3-1-13,
西平 雅子,静岡県浜松市中区高丘西1-2-408,
寺田 健太郎,福岡県福岡市博多区住吉2-1-12,
湯村 純子,北海道札幌市西区八軒五条西1-3-703,有限会社友和
松下 晃宏,東京都中野区南台1-4-3,株式会社ウエスト
横山 多恵子,兵庫県姫路市玉手2-2-16,
駒田 祐実,東京都台東区松が谷3-2-8,
木村 勇,神奈川県茅ヶ崎市中海岸4-2-10レアルグランデ608,
川嵜 太,福岡県福岡市東区香椎3-3-5,有限会社カトウ
中井 順,愛知県碧南市久沓町1-2-8,
近藤 由美子,東京都港区南麻布3-5-22アトラス108,
深井 稔,大阪府大阪市此花区西九条1-1-3,合名会社太陽産業
永井 育夫,埼玉県志木市本町3-4-11,
堀越 大,愛知県名古屋市昭和区鶴舞1-4-3,
松浦 裕紀,大阪府大阪市平野区長吉長原3-5-12,
堀 太郎,東京都港区高輪3-5-5,伊賀自動車販賣合名会社
大石 泰夫,東京都中央区八丁堀2-2-16,
菅原 美穂,東京都台東区東上野3-3-16エステムコート605,株式会社サンワード
高野 美穂,岐阜県各務原市鵜沼各務原町2-2-3,
鎌田 治郎,東京都江東区大島2-2-7,株式会社サンワ
小林 さゆり,宮城県仙台市宮城野区東仙台2-4-18,
柳澤 和也,神奈川県横浜市鶴見区駒岡2-3-3アインス814,
三輪 智佳,高知県高知市葛島1-3-4,
関口 佳祐,東京都港区芝浦2-2-5,
宍戸 敬一,兵庫県神戸市中央区中山手通1-3-21,
矢野 貴史,神奈川県川崎市麻生区東百合丘3-5-3プレサンスグラン812,
西田 和子,東京都練馬区貫井1-1-5,保内金融合資会社
吉田 賢人,東京都西東京市芝久保町1-1-3コスモハイツ514,株式会社アプリコット
稲森 真奈,熊本県熊本市西区春日3-1-6,
橋本 咲子,広島県呉市三条3-1-4,ときわ商事合名会社
鈴木 みずほ,千葉県千葉市若葉区大宮台2-4-807,
山口 正子,東京都葛飾区東金町2-2-4,
永山 芳子,東京都葛飾区新小岩2-3-908,
藤井 恵,大阪府豊中市長興寺南3-2-7,株式会社ジョイント
安藤 和宏,東京都新宿区四谷1-4-9,株式会社スギモト
鈴木 雅子,東京都江戸川区西一之江2-5-104,
吉野 友里,北海道名寄市西二条南1-4-12エスト806,
石尾 公大,東京都世田谷区代沢1-2-7,
櫻井 美香,岐阜県各務原市蘇原青雲町2-2-4,
中村 佳菜子,神奈川県横浜市神奈川区松見町3-5-204,有限会社山本工務店
井上 俊行,大阪府大阪市中央区久太郎町2-5-21サンヴェール804,
山本 英恵,山形県山形市桧町3-4-17,
星 由美子,東京都杉並区高円寺南3-5-10ネオライフマンション410,
丸山 清史,滋賀県大津市真野4-3-9,
金子 有史,東京都墨田区江東橋2-2-18,
笹島 和佳,福岡県福岡市南区野間1-2-304,
鈴木 大介,広島県三原市宗郷1-4-3グランアッシュ715,合資会社小島興行社
野口 久,神奈川県川崎市麻生区白鳥1-3-11,船上バーベキュー合同会社
木下 佳子,神奈川県横浜市西区戸部町2-5-10,
中村 亜矢子,沖縄県沖縄市泡瀬3-1-19,
出川 麻衣子,愛知県碧南市山神町1-4-9,有限会社吉田屋
福井 悠太,大阪府大阪市西区北堀江3-3-3,
和田 智子,茨城県取手市桜が丘1-3-6シンプルライフ212,
武井 雄也,東京都新宿区西新宿2-1-12,
大槻 宏明,東京都品川区西大井1-2-4,
吉田 猛,東京都中央区築地2-5-10,
三宅 昭紀,千葉県船橋市本町2-3-8,
田中 泰央,愛知県高浜市論地町4-3-3,合資会社小川屋酒店
伊藤 淳,神奈川県藤沢市辻堂元町2-1-5,
岡本 浩美,千葉県市原市北国分寺台1-4-9,
菊地 博幸,北海道苫小牧市澄川町1-1-7,
吉田 勝則,兵庫県西宮市西宮浜1-3-22,
村野 直隆,兵庫県西宮市名塩南台1-2-3,
鶴原 敏宏,愛知県春日井市高森台1-1-4,合資会社寳島商店
中村 武司,千葉県千葉市美浜区高洲1-4-22,
平井 由実,東京都小平市小川西町2-4-11シティハウス801,麗華合同会社
三井 慎吾,東京都杉並区善福寺2-1-3パークノヴァ602,
寺岡 美穂,東京都新宿区四谷3-1-7,
渡辺 憲治,東京都品川区南大井4-3-3,株式会社インプルーブ
妹尾 秀雄,東京都練馬区春日町3-2-4ジークレフ407,
室田 美穂,東京都目黒区中目黒3-2-1001,
安藤 司,広島県広島市安佐南区祇園2-3-207,
及川 郁,茨城県日立市中成沢町3-5-5,
林 大樹,東京都豊島区長崎1-3-7,有限会社中川商店
山田 功治,東京都千代田区外神田1-3-5,
戸村 明子,東京都中野区中央2-5-1004,株式会社大栄
岡田 僚,兵庫県神戸市東灘区住吉宮町1-4-21,有限会社シミズ
井元 彰人,大阪府大阪市旭区大宮1-5-22,
五十嵐 裕美,広島県広島市中区大手町3-1-14,
渡邊 毅,三重県四日市市日永2-1-14,
